index,111a4,111a5,111a6,112a4,112a5,112a6,113a4,113a5,113a6
"""",4.0,0.0,0.0,8.0,0.0,0.0,0.0,0.0,0.0
1-м,0.0,0.0,1.0,0.0,0.0,0.0,0.0,0.0,0.0
<unknown>,421.0,488.0,250.0,236.0,388.0,200.0,275.0,488.0,222.0
@card@,0.0,0.0,0.0,0.0,0.0,0.0,1.0,0.0,0.0
а,36.0,25.0,24.0,42.0,35.0,25.0,36.0,80.0,20.0
аа,1.0,0.0,0.0,0.0,0.0,0.0,0.0,0.0,0.0
ааа,2.0,1.0,0.0,0.0,0.0,1.0,5.0,4.0,2.0
аааа,0.0,2.0,0.0,2.0,0.0,2.0,2.0,1.0,1.0
ааааа,0.0,0.0,0.0,0.0,0.0,0.0,3.0,0.0,0.0
автобус,0.0,1.0,0.0,0.0,4.0,0.0,0.0,2.0,0.0
автобусный,0.0,1.0,0.0,0.0,3.0,0.0,0.0,3.0,0.0
ага,2.0,2.0,1.0,0.0,5.0,0.0,0.0,2.0,1.0
аж,0.0,0.0,0.0,0.0,0.0,0.0,1.0,0.0,0.0
азиат,0.0,0.0,0.0,0.0,0.0,0.0,1.0,0.0,0.0
ай,0.0,1.0,0.0,0.0,0.0,0.0,0.0,0.0,0.0
ака,0.0,1.0,0.0,0.0,0.0,0.0,0.0,0.0,0.0
акать,0.0,6.0,0.0,0.0,0.0,0.0,0.0,0.0,0.0
аквариум,8.0,0.0,0.0,7.0,0.0,0.0,3.0,0.0,0.0
акой,0.0,5.0,0.0,0.0,0.0,0.0,0.0,0.0,0.0
аксессуар,0.0,0.0,0.0,0.0,0.0,0.0,0.0,0.0,1.0
акула,4.0,0.0,0.0,3.0,0.0,0.0,3.0,0.0,0.0
ам,0.0,0.0,1.0,0.0,0.0,0.0,0.0,1.0,0.0
америк,0.0,0.0,0.0,0.0,0.0,1.0,0.0,0.0,0.0
американец,0.0,0.0,0.0,0.0,0.0,0.0,1.0,0.0,1.0
американский,0.0,0.0,0.0,0.0,0.0,0.0,1.0,0.0,0.0
ан,0.0,0.0,0.0,0.0,0.0,0.0,0.0,0.0,1.0
английский,0.0,0.0,0.0,0.0,0.0,0.0,1.0,0.0,0.0
аня,0.0,0.0,0.0,0.0,0.0,1.0,0.0,0.0,0.0
аппетит,0.0,0.0,0.0,0.0,0.0,0.0,0.0,0.0,1.0
ауф,0.0,0.0,0.0,0.0,0.0,0.0,0.0,2.0,1.0
ах,0.0,0.0,0.0,0.0,0.0,0.0,1.0,3.0,1.0
ахнуть,0.0,0.0,0.0,0.0,0.0,1.0,0.0,0.0,0.0
б,2.0,0.0,1.0,14.0,0.0,0.0,18.0,1.0,0.0
ба,0.0,0.0,0.0,1.0,2.0,0.0,0.0,0.0,0.0
бабушка,1.0,0.0,0.0,4.0,0.0,0.0,0.0,0.0,0.0
баллон,0.0,2.0,0.0,0.0,8.0,0.0,0.0,1.0,0.0
баскервиль,0.0,0.0,0.0,0.0,0.0,0.0,0.0,0.0,1.0
бегать,0.0,0.0,0.0,0.0,0.0,2.0,0.0,0.0,1.0
бедный,0.0,0.0,0.0,3.0,0.0,0.0,3.0,0.0,0.0
бедняжка,0.0,0.0,0.0,0.0,0.0,0.0,1.0,0.0,0.0
бежать,0.0,0.0,4.0,0.0,0.0,0.0,0.0,0.0,0.0
без,0.0,2.0,0.0,1.0,0.0,0.0,2.0,0.0,0.0
белка,0.0,0.0,0.0,0.0,0.0,2.0,0.0,0.0,0.0
белый,0.0,1.0,0.0,0.0,0.0,0.0,0.0,0.0,0.0
берг,0.0,0.0,0.0,0.0,0.0,0.0,0.0,2.0,0.0
берет,0.0,0.0,0.0,0.0,0.0,1.0,0.0,0.0,0.0
бис,0.0,0.0,0.0,0.0,2.0,0.0,0.0,0.0,0.0
бить,0.0,0.0,1.0,1.0,0.0,0.0,0.0,0.0,0.0
ближайший,0.0,0.0,0.0,0.0,0.0,0.0,1.0,0.0,0.0
бо,0.0,1.0,0.0,0.0,0.0,0.0,0.0,0.0,0.0
бобик,0.0,0.0,0.0,0.0,0.0,1.0,0.0,0.0,0.0
бог,0.0,0.0,0.0,2.0,2.0,0.0,0.0,0.0,0.0
боженька,0.0,0.0,0.0,1.0,0.0,0.0,0.0,0.0,0.0
более,0.0,0.0,0.0,0.0,0.0,0.0,2.0,0.0,0.0
болеть,0.0,0.0,0.0,1.0,0.0,0.0,0.0,0.0,0.0
боль,0.0,0.0,0.0,2.0,0.0,0.0,0.0,0.0,0.0
больно,1.0,0.0,0.0,1.0,0.0,0.0,1.0,0.0,0.0
больхой,0.0,0.0,0.0,1.0,1.0,0.0,0.0,0.0,0.0
больше,1.0,0.0,0.0,3.0,1.0,3.0,1.0,0.0,0.0
большой,12.0,2.0,1.0,15.0,4.0,3.0,15.0,5.0,1.0
бояться,0.0,0.0,1.0,0.0,0.0,0.0,0.0,0.0,0.0
брать,0.0,0.0,1.0,1.0,1.0,2.0,0.0,0.0,1.0
бросить,1.0,0.0,0.0,0.0,0.0,0.0,6.0,0.0,0.0
бу,0.0,1.0,0.0,0.0,0.0,0.0,0.0,0.0,0.0
будто,0.0,0.0,1.0,1.0,1.0,1.0,0.0,0.0,1.0
буква,0.0,0.0,0.0,0.0,0.0,0.0,1.0,0.0,0.0
бум,1.0,0.0,0.0,0.0,0.0,0.0,0.0,0.0,0.0
бумага,0.0,0.0,0.0,0.0,0.0,0.0,0.0,2.0,0.0
бы,25.0,1.0,0.0,99.0,4.0,7.0,108.0,8.0,10.0
бывать,0.0,0.0,0.0,2.0,0.0,0.0,6.0,0.0,0.0
бывший,0.0,0.0,0.0,0.0,0.0,0.0,1.0,0.0,0.0
быль,0.0,0.0,0.0,0.0,0.0,1.0,0.0,0.0,0.0
быстро,3.0,0.0,0.0,2.0,1.0,3.0,3.0,0.0,0.0
быть,56.0,7.0,22.0,65.0,14.0,36.0,84.0,19.0,47.0
в,41.0,15.0,3.0,54.0,18.0,14.0,92.0,31.0,23.0
важно,0.0,0.0,0.0,0.0,0.0,0.0,0.0,1.0,0.0
важный,0.0,0.0,0.0,0.0,1.0,0.0,3.0,2.0,0.0
вал,0.0,0.0,0.0,0.0,0.0,1.0,0.0,0.0,0.0
валяться,0.0,0.0,0.0,0.0,0.0,1.0,0.0,0.0,0.0
ванин,0.0,0.0,0.0,1.0,0.0,0.0,0.0,0.0,0.0
ваня,0.0,0.0,0.0,4.0,0.0,0.0,5.0,0.0,0.0
вариант,0.0,0.0,0.0,0.0,0.0,0.0,2.0,0.0,0.0
вась,1.0,0.0,0.0,3.0,0.0,4.0,5.0,0.0,0.0
вася,0.0,0.0,0.0,0.0,0.0,1.0,1.0,0.0,0.0
вверх,0.0,10.0,0.0,0.0,13.0,0.0,0.0,13.0,0.0
вверху,0.0,1.0,0.0,0.0,0.0,1.0,0.0,1.0,0.0
вдоль,0.0,0.0,0.0,0.0,4.0,0.0,0.0,4.0,0.0
вдруг,0.0,0.0,0.0,1.0,0.0,2.0,2.0,0.0,2.0
вегетарианка,0.0,0.0,0.0,0.0,0.0,0.0,1.0,0.0,0.0
ведро,7.0,0.0,0.0,2.0,0.0,0.0,10.0,0.0,0.0
ведь,0.0,0.0,0.0,0.0,0.0,0.0,4.0,0.0,0.0
везде,0.0,0.0,0.0,1.0,0.0,0.0,0.0,0.0,0.0
везти,0.0,0.0,0.0,1.0,0.0,0.0,0.0,0.0,0.0
век,0.0,1.0,0.0,0.0,0.0,0.0,0.0,0.0,1.0
веревка,0.0,0.0,0.0,0.0,0.0,0.0,0.0,0.0,1.0
верно,0.0,0.0,0.0,0.0,0.0,0.0,0.0,1.0,0.0
вернуться,0.0,0.0,0.0,0.0,0.0,1.0,0.0,0.0,0.0
верх,0.0,3.0,2.0,0.0,1.0,0.0,0.0,6.0,0.0
верхний,0.0,0.0,0.0,0.0,2.0,0.0,0.0,1.0,0.0
вес,0.0,0.0,0.0,1.0,0.0,0.0,0.0,0.0,0.0
веселиться,0.0,0.0,0.0,5.0,0.0,0.0,0.0,0.0,0.0
вести,0.0,0.0,0.0,0.0,0.0,0.0,0.0,1.0,0.0
весь,1.0,1.0,2.0,6.0,4.0,5.0,4.0,3.0,1.0
вещество,0.0,0.0,0.0,0.0,0.0,0.0,1.0,0.0,0.0
вещь,1.0,0.0,0.0,0.0,0.0,0.0,2.0,0.0,0.0
взгляд,0.0,0.0,0.0,1.0,0.0,0.0,0.0,0.0,1.0
взобраться,0.0,0.0,0.0,0.0,0.0,4.0,0.0,0.0,2.0
взять,5.0,1.0,22.0,11.0,3.0,19.0,7.0,0.0,21.0
взяться,0.0,0.0,0.0,2.0,0.0,0.0,2.0,0.0,0.0
ви,0.0,0.0,0.0,0.0,0.0,0.0,1.0,0.0,0.0
вид,0.0,0.0,0.0,0.0,0.0,0.0,0.0,0.0,1.0
видеть,3.0,9.0,5.0,9.0,2.0,14.0,7.0,17.0,3.0
видно,0.0,0.0,0.0,1.0,0.0,1.0,1.0,0.0,2.0
вийти,0.0,0.0,0.0,0.0,0.0,2.0,0.0,0.0,0.0
вилка,0.0,0.0,2.0,0.0,0.0,2.0,0.0,0.0,0.0
вилочка,0.0,0.0,0.0,0.0,0.0,1.0,0.0,0.0,0.0
вилы,0.0,0.0,0.0,1.0,0.0,0.0,0.0,0.0,0.0
виноватый,0.0,0.0,0.0,0.0,0.0,0.0,0.0,0.0,1.0
виновный,0.0,0.0,0.0,0.0,0.0,0.0,0.0,0.0,1.0
витамин,0.0,0.0,0.0,0.0,0.0,0.0,1.0,0.0,0.0
вкруг,0.0,1.0,0.0,0.0,0.0,0.0,0.0,0.0,0.0
вкусно,0.0,0.0,0.0,0.0,0.0,1.0,0.0,0.0,0.0
вкусный,0.0,0.0,0.0,5.0,0.0,8.0,2.0,0.0,2.0
влево,0.0,18.0,0.0,0.0,12.0,0.0,0.0,4.0,0.0
влюбляться,0.0,0.0,0.0,0.0,0.0,0.0,1.0,0.0,0.0
вместе,0.0,0.0,0.0,1.0,0.0,0.0,2.0,0.0,1.0
вместо,1.0,0.0,0.0,0.0,0.0,0.0,1.0,0.0,0.0
вначале,0.0,1.0,0.0,0.0,0.0,0.0,1.0,0.0,0.0
вниз,0.0,92.0,4.0,0.0,67.0,2.0,0.0,45.0,1.0
внизу,0.0,9.0,1.0,0.0,4.0,0.0,0.0,6.0,2.0
во,0.0,3.0,0.0,1.0,2.0,1.0,2.0,4.0,0.0
вода,21.0,0.0,0.0,20.0,0.0,1.0,10.0,0.0,0.0
водичка,2.0,0.0,0.0,0.0,0.0,0.0,0.0,0.0,0.0
водичок,0.0,1.0,0.0,0.0,0.0,0.0,0.0,0.0,0.0
водяной,2.0,0.0,0.0,0.0,0.0,0.0,0.0,0.0,0.0
воевать,0.0,0.0,0.0,0.0,0.0,0.0,1.0,0.0,0.0
военный,0.0,0.0,0.0,0.0,0.0,0.0,1.0,0.0,0.0
воз,0.0,0.0,0.0,0.0,0.0,0.0,0.0,1.0,0.0
воздух,0.0,0.0,0.0,0.0,0.0,0.0,1.0,0.0,0.0
воздушный,0.0,3.0,0.0,0.0,6.0,0.0,0.0,12.0,0.0
возле,0.0,10.0,0.0,0.0,11.0,0.0,0.0,0.0,0.0
возраст,0.0,0.0,0.0,1.0,0.0,0.0,0.0,0.0,0.0
вокруг,0.0,5.0,0.0,0.0,12.0,0.0,0.0,22.0,1.0
волшебство,0.0,0.0,0.0,0.0,0.0,0.0,1.0,0.0,0.0
воля,0.0,0.0,0.0,1.0,0.0,0.0,0.0,0.0,0.0
вон,1.0,3.0,0.0,0.0,0.0,1.0,1.0,0.0,0.0
вообще,0.0,0.0,0.0,4.0,0.0,1.0,7.0,0.0,5.0
вопрос,0.0,0.0,0.0,1.0,0.0,0.0,1.0,0.0,1.0
ворон,0.0,0.0,0.0,1.0,0.0,0.0,0.0,0.0,0.0
ворона,0.0,0.0,0.0,3.0,0.0,0.0,0.0,0.0,0.0
ворота,0.0,0.0,0.0,0.0,0.0,1.0,0.0,0.0,0.0
восемь,0.0,0.0,0.0,0.0,0.0,0.0,1.0,0.0,0.0
восемьдесят,0.0,0.0,0.0,0.0,0.0,0.0,0.0,2.0,0.0
вот,35.0,48.0,10.0,13.0,37.0,10.0,36.0,50.0,19.0
врач,1.0,0.0,0.0,0.0,0.0,0.0,0.0,0.0,0.0
время,0.0,0.0,0.0,3.0,2.0,0.0,5.0,0.0,4.0
вроде,0.0,0.0,0.0,0.0,0.0,0.0,0.0,1.0,0.0
все,6.0,9.0,4.0,15.0,3.0,3.0,29.0,6.0,10.0
всегда,4.0,1.0,3.0,2.0,0.0,0.0,9.0,2.0,0.0
всего,0.0,0.0,0.0,0.0,0.0,0.0,1.0,0.0,0.0
вспоминать,0.0,0.0,0.0,1.0,0.0,0.0,1.0,0.0,0.0
вспомнить,0.0,0.0,1.0,0.0,0.0,0.0,3.0,0.0,0.0
вспрыгнуть,0.0,0.0,0.0,0.0,0.0,0.0,1.0,0.0,0.0
встречаться,0.0,0.0,0.0,0.0,0.0,0.0,2.0,0.0,0.0
всякий,0.0,0.0,0.0,0.0,0.0,0.0,0.0,0.0,1.0
вторая,0.0,0.0,0.0,1.0,0.0,0.0,1.0,0.0,0.0
второе,0.0,0.0,0.0,0.0,0.0,0.0,1.0,0.0,0.0
второй,0.0,0.0,2.0,0.0,0.0,0.0,0.0,0.0,4.0
вторую,0.0,0.0,2.0,0.0,0.0,2.0,0.0,0.0,5.0
вть,0.0,0.0,0.0,0.0,1.0,0.0,0.0,0.0,0.0
вулкан,0.0,2.0,0.0,0.0,0.0,0.0,0.0,2.0,0.0
вчера,0.0,0.0,0.0,0.0,0.0,0.0,1.0,0.0,0.0
вы,0.0,0.0,0.0,0.0,0.0,1.0,2.0,45.0,1.0
выбрасывать,0.0,0.0,0.0,1.0,0.0,0.0,0.0,0.0,0.0
выбросить,1.0,0.0,0.0,1.0,0.0,0.0,3.0,0.0,0.0
выглядеть,0.0,0.0,0.0,0.0,0.0,0.0,1.0,0.0,0.0
выдавать,0.0,0.0,0.0,0.0,0.0,0.0,0.0,0.0,1.0
выдвигать,0.0,0.0,0.0,0.0,0.0,0.0,0.0,0.0,1.0
выдвижный,0.0,0.0,0.0,0.0,0.0,0.0,0.0,0.0,1.0
выдвинуть,0.0,0.0,0.0,0.0,0.0,4.0,0.0,0.0,0.0
выдержать,0.0,0.0,0.0,0.0,0.0,0.0,3.0,0.0,0.0
выдумать,0.0,0.0,0.0,0.0,0.0,0.0,0.0,0.0,1.0
выжить,0.0,0.0,0.0,1.0,0.0,0.0,1.0,0.0,0.0
выйти,0.0,0.0,0.0,1.0,0.0,0.0,3.0,0.0,0.0
выкинуть,0.0,0.0,0.0,1.0,0.0,0.0,1.0,0.0,0.0
вылавливать,0.0,0.0,0.0,1.0,0.0,0.0,0.0,0.0,0.0
выловить,0.0,0.0,0.0,2.0,0.0,0.0,2.0,0.0,0.0
вынимать,0.0,0.0,0.0,0.0,1.0,0.0,0.0,0.0,0.0
вынуть,0.0,0.0,0.0,0.0,0.0,0.0,1.0,0.0,0.0
выпасть,0.0,0.0,0.0,1.0,0.0,0.0,0.0,0.0,0.0
выпросить,0.0,0.0,0.0,0.0,0.0,0.0,1.0,0.0,0.0
выпустить,2.0,0.0,0.0,13.0,0.0,0.0,15.0,0.0,0.0
выражаться,0.0,0.0,0.0,0.0,0.0,0.0,0.0,0.0,1.0
выражение,0.0,0.0,0.0,0.0,0.0,0.0,0.0,0.0,1.0
вырасти,0.0,0.0,0.0,1.0,0.0,0.0,0.0,0.0,0.0
высадить,0.0,0.0,0.0,1.0,0.0,0.0,0.0,0.0,0.0
высокий,0.0,0.0,0.0,0.0,0.0,0.0,0.0,0.0,1.0
высота,0.0,0.0,0.0,0.0,0.0,0.0,0.0,1.0,0.0
выспаться,0.0,0.0,0.0,0.0,0.0,0.0,1.0,0.0,0.0
высунуть,0.0,0.0,0.0,0.0,0.0,0.0,1.0,0.0,0.0
высший,0.0,0.0,0.0,0.0,0.0,0.0,0.0,0.0,5.0
вытаскивать,0.0,0.0,0.0,0.0,0.0,0.0,0.0,0.0,1.0
вытащить,1.0,0.0,2.0,2.0,0.0,0.0,1.0,0.0,1.0
выше,0.0,0.0,0.0,0.0,1.0,0.0,0.0,0.0,0.0
вялый,0.0,0.0,0.0,0.0,0.0,0.0,1.0,0.0,0.0
гар,0.0,1.0,0.0,0.0,0.0,0.0,0.0,0.0,0.0
где,8.0,15.0,4.0,4.0,11.0,4.0,6.0,27.0,6.0
ге,0.0,0.0,1.0,0.0,0.0,0.0,0.0,0.0,0.0
главное,0.0,0.0,0.0,0.0,0.0,0.0,0.0,1.0,0.0
глаз,1.0,0.0,0.0,1.0,0.0,1.0,1.0,0.0,1.0
глазик,0.0,0.0,0.0,0.0,0.0,0.0,1.0,0.0,1.0
глас,0.0,0.0,0.0,0.0,0.0,0.0,1.0,0.0,0.0
глубокий,0.0,0.0,0.0,0.0,1.0,0.0,0.0,0.0,0.0
гнуть,0.0,0.0,1.0,0.0,0.0,0.0,0.0,0.0,0.0
го,0.0,1.0,1.0,0.0,1.0,0.0,0.0,0.0,0.0
говорить,9.0,1.0,5.0,7.0,0.0,3.0,8.0,1.0,1.0
год,0.0,0.0,0.0,0.0,0.0,0.0,5.0,0.0,0.0
голова,0.0,0.0,0.0,2.0,0.0,0.0,2.0,0.0,4.0
головка,0.0,0.0,0.0,0.0,0.0,1.0,0.0,0.0,0.0
голод,0.0,0.0,0.0,2.0,0.0,0.0,0.0,0.0,0.0
голодать,0.0,0.0,0.0,0.0,0.0,0.0,1.0,0.0,0.0
голодный,0.0,0.0,0.0,1.0,0.0,0.0,0.0,0.0,3.0
голос,0.0,0.0,0.0,1.0,0.0,0.0,1.0,0.0,0.0
гора,0.0,11.0,0.0,0.0,28.0,0.0,0.0,21.0,0.0
горе,0.0,0.0,0.0,0.0,1.0,0.0,0.0,0.0,0.0
горка,0.0,5.0,0.0,0.0,0.0,0.0,0.0,2.0,0.0
город,0.0,0.0,0.0,0.0,2.0,0.0,0.0,0.0,0.0
горшок,1.0,0.0,0.0,0.0,0.0,0.0,0.0,0.0,0.0
господи,0.0,0.0,0.0,0.0,1.0,0.0,0.0,0.0,0.0
гость,0.0,0.0,0.0,0.0,0.0,0.0,0.0,0.0,1.0
готовить,0.0,0.0,0.0,0.0,0.0,0.0,1.0,0.0,0.0
градус,0.0,0.0,0.0,0.0,0.0,0.0,0.0,18.0,0.0
гран,0.0,0.0,0.0,0.0,0.0,0.0,1.0,0.0,0.0
грустить,0.0,0.0,0.0,0.0,0.0,0.0,0.0,0.0,1.0
грустный,0.0,0.0,0.0,0.0,0.0,0.0,1.0,0.0,0.0
гулять,0.0,0.0,1.0,0.0,0.0,3.0,0.0,0.0,0.0
гусь,0.0,0.0,0.0,1.0,0.0,0.0,0.0,0.0,0.0
д,0.0,0.0,0.0,0.0,1.0,0.0,0.0,0.0,0.0
да,53.0,54.0,19.0,60.0,61.0,26.0,115.0,100.0,48.0
дааа,1.0,1.0,1.0,1.0,0.0,0.0,1.0,0.0,0.0
даааа,0.0,1.0,0.0,2.0,0.0,0.0,0.0,0.0,0.0
давай,4.0,2.0,0.0,1.0,3.0,0.0,0.0,0.0,0.0
давать,1.0,1.0,1.0,0.0,0.0,2.0,0.0,0.0,1.0
давно,0.0,0.0,0.0,0.0,0.0,0.0,1.0,0.0,0.0
даже,2.0,0.0,0.0,3.0,0.0,0.0,5.0,1.0,2.0
дайте,0.0,0.0,0.0,0.0,0.0,0.0,0.0,1.0,0.0
далее,0.0,0.0,0.0,0.0,0.0,0.0,0.0,2.0,0.0
далекий,0.0,0.0,0.0,0.0,0.0,0.0,1.0,0.0,0.0
далеко,0.0,1.0,0.0,0.0,0.0,0.0,0.0,2.0,0.0
дальхой,0.0,5.0,1.0,1.0,12.0,0.0,2.0,7.0,0.0
дальше,0.0,4.0,0.0,0.0,5.0,0.0,0.0,4.0,0.0
данить,1.0,0.0,0.0,0.0,0.0,0.0,0.0,0.0,0.0
данке,0.0,0.0,0.0,0.0,1.0,0.0,0.0,0.0,0.0
данн,0.0,0.0,0.0,0.0,0.0,0.0,0.0,1.0,0.0
дас,2.0,4.0,0.0,1.0,0.0,0.0,1.0,2.0,0.0
дать,3.0,0.0,1.0,2.0,0.0,1.0,6.0,0.0,2.0
дача,0.0,0.0,0.0,0.0,0.0,0.0,1.0,0.0,0.0
два,0.0,0.0,2.0,0.0,4.0,0.0,0.0,1.0,0.0
двадцать,0.0,0.0,0.0,0.0,0.0,0.0,0.0,2.0,0.0
две,0.0,0.0,1.0,0.0,0.0,1.0,1.0,1.0,1.0
двенадцать,0.0,0.0,0.0,0.0,0.0,0.0,0.0,1.0,0.0
дверка,0.0,0.0,1.0,0.0,0.0,0.0,0.0,0.0,0.0
дверца,0.0,0.0,2.0,0.0,0.0,0.0,0.0,0.0,0.0
дверь,0.0,0.0,0.0,0.0,0.0,1.0,0.0,0.0,0.0
двигаться,0.0,0.0,0.0,0.0,0.0,0.0,0.0,0.0,1.0
двойка,0.0,0.0,0.0,2.0,0.0,0.0,0.0,0.0,0.0
дворец,2.0,0.0,0.0,0.0,0.0,0.0,0.0,0.0,0.0
двумя,0.0,0.0,0.0,0.0,0.0,0.0,0.0,0.0,1.0
девочка,1.0,0.0,29.0,0.0,0.0,25.0,0.0,0.0,19.0
девяносто,0.0,0.0,0.0,0.0,0.0,0.0,0.0,22.0,0.0
дед,1.0,0.0,0.0,6.0,0.0,0.0,1.0,0.0,0.0
дедушка,0.0,0.0,0.0,4.0,0.0,0.0,1.0,0.0,0.0
делать,5.0,9.0,6.0,7.0,8.0,3.0,9.0,9.0,0.0
делаться,1.0,0.0,0.0,0.0,0.0,0.0,0.0,0.0,0.0
дело,0.0,0.0,0.0,0.0,0.0,0.0,2.0,1.0,0.0
ден,0.0,0.0,1.0,0.0,0.0,0.0,0.0,0.0,0.0
день,0.0,0.0,0.0,0.0,0.0,0.0,1.0,0.0,0.0
дер,2.0,1.0,0.0,0.0,0.0,0.0,1.0,1.0,0.0
деревня,0.0,0.0,0.0,0.0,0.0,0.0,1.0,0.0,0.0
дерево,0.0,0.0,0.0,1.0,1.0,0.0,0.0,0.0,0.0
деревянный,0.0,0.0,0.0,1.0,0.0,0.0,0.0,0.0,0.0
держать,0.0,0.0,0.0,0.0,1.0,2.0,1.0,0.0,0.0
десять,0.0,1.0,0.0,0.0,0.0,0.0,0.0,1.0,0.0
диагональ,0.0,0.0,0.0,0.0,7.0,0.0,0.0,14.0,0.0
дива,0.0,0.0,0.0,0.0,0.0,1.0,0.0,0.0,0.0
диван,0.0,0.0,0.0,0.0,0.0,1.0,0.0,0.0,0.0
дина,0.0,0.0,0.0,0.0,0.0,0.0,0.0,1.0,0.0
диплом,0.0,0.0,0.0,0.0,0.0,0.0,0.0,0.0,1.0
дитя,0.0,0.0,0.0,0.0,0.0,0.0,1.0,0.0,0.0
длинный,1.0,0.0,0.0,0.0,0.0,0.0,0.0,2.0,2.0
для,0.0,0.0,2.0,3.0,0.0,4.0,4.0,2.0,3.0
до,1.0,24.0,1.0,0.0,92.0,3.0,3.0,123.0,14.0
добираться,0.0,0.0,0.0,0.0,0.0,0.0,0.0,0.0,1.0
добраться,0.0,0.0,0.0,0.0,0.0,1.0,0.0,0.0,6.0
добро,0.0,0.0,0.0,0.0,0.0,0.0,1.0,0.0,0.0
добрый,0.0,0.0,0.0,2.0,0.0,1.0,0.0,0.0,0.0
довести,0.0,0.0,0.0,0.0,0.0,0.0,0.0,1.0,0.0
довольный,0.0,0.0,0.0,0.0,0.0,0.0,2.0,0.0,0.0
додуматься,0.0,0.0,2.0,0.0,0.0,0.0,0.0,0.0,4.0
дойти,0.0,8.0,0.0,0.0,10.0,0.0,0.0,10.0,1.0
долгий,1.0,0.0,0.0,0.0,0.0,0.0,0.0,0.0,0.0
долго,0.0,0.0,1.0,1.0,1.0,0.0,1.0,5.0,2.0
должный,0.0,4.0,0.0,3.0,11.0,0.0,0.0,4.0,1.0
доллар,1.0,0.0,0.0,0.0,0.0,0.0,0.0,0.0,0.0
дом,1.0,26.0,0.0,5.0,20.0,4.0,1.0,34.0,3.0
дома,0.0,1.0,0.0,0.0,0.0,2.0,2.0,3.0,4.0
домашний,0.0,0.0,0.0,1.0,0.0,0.0,0.0,0.0,0.0
домик,0.0,2.0,0.0,0.0,1.0,0.0,0.0,2.0,0.0
домой,9.0,0.0,0.0,16.0,0.0,1.0,18.0,0.0,1.0
дорога,0.0,2.0,0.0,0.0,3.0,0.0,0.0,5.0,0.0
дорогой,0.0,0.0,0.0,0.0,0.0,1.0,0.0,0.0,0.0
дорожка,0.0,0.0,0.0,0.0,0.0,1.0,0.0,0.0,0.0
дос,0.0,0.0,0.0,0.0,0.0,1.0,0.0,0.0,0.0
доставать,0.0,0.0,0.0,1.0,0.0,1.0,0.0,0.0,1.0
достать,0.0,0.0,9.0,1.0,0.0,3.0,1.0,0.0,24.0
достаться,0.0,0.0,0.0,1.0,0.0,0.0,0.0,0.0,0.0
достичь,0.0,0.0,0.0,0.0,0.0,0.0,0.0,0.0,3.0
дохнуть,0.0,0.0,0.0,1.0,1.0,0.0,0.0,0.0,0.0
доходить,0.0,1.0,0.0,0.0,0.0,1.0,0.0,2.0,0.0
друг,0.0,0.0,0.0,0.0,0.0,1.0,3.0,2.0,0.0
другой,13.0,0.0,1.0,19.0,4.0,1.0,23.0,1.0,1.0
ду,0.0,2.0,0.0,0.0,0.0,0.0,0.0,1.0,0.0
дуга,0.0,0.0,0.0,0.0,0.0,0.0,0.0,1.0,0.0
думать,0.0,0.0,5.0,9.0,0.0,10.0,26.0,6.0,18.0
духовка,1.0,0.0,0.0,0.0,0.0,0.0,0.0,0.0,0.0
дырка,0.0,0.0,0.0,0.0,0.0,1.0,0.0,0.0,0.0
дядька,0.0,0.0,0.0,0.0,0.0,0.0,1.0,0.0,0.0
дядя,5.0,0.0,0.0,7.0,0.0,0.0,3.0,0.0,0.0
е,0.0,0.0,0.0,0.0,0.0,0.0,1.0,0.0,0.0
евро,3.0,0.0,0.0,0.0,0.0,0.0,0.0,0.0,0.0
его,8.0,0.0,2.0,5.0,1.0,2.0,7.0,1.0,2.0
еда,0.0,0.0,0.0,0.0,1.0,0.0,5.0,0.0,0.0
ее,2.0,0.0,2.0,7.0,1.0,10.0,4.0,0.0,13.0
ездить,0.0,0.0,0.0,1.0,0.0,0.0,1.0,0.0,0.0
енд,0.0,0.0,0.0,0.0,0.0,0.0,1.0,0.0,0.0
ес,0.0,0.0,0.0,0.0,0.0,0.0,1.0,0.0,0.0
если,7.0,7.0,0.0,25.0,13.0,5.0,32.0,11.0,4.0
естественно,0.0,0.0,0.0,0.0,0.0,0.0,1.0,0.0,0.0
ести,0.0,0.0,0.0,1.0,0.0,0.0,0.0,0.0,0.0
есть,2.0,0.0,1.0,2.0,0.0,2.0,5.0,0.0,2.0
ехать,1.0,1.0,0.0,1.0,0.0,0.0,0.0,0.0,0.0
еще,15.0,11.0,6.0,9.0,7.0,3.0,12.0,13.0,1.0
ж,1.0,1.0,0.0,2.0,2.0,0.0,2.0,0.0,1.0
жадный,1.0,0.0,0.0,0.0,0.0,0.0,0.0,0.0,0.0
жалеть,0.0,0.0,0.0,0.0,0.0,0.0,2.0,0.0,0.0
жалко,7.0,0.0,0.0,8.0,0.0,0.0,16.0,0.0,5.0
жалостно,0.0,0.0,0.0,0.0,0.0,0.0,0.0,0.0,1.0
жалость,0.0,0.0,0.0,0.0,0.0,0.0,1.0,0.0,0.0
жарить,0.0,0.0,0.0,1.0,0.0,0.0,0.0,0.0,0.0
жать,1.0,0.0,0.0,0.0,0.0,0.0,1.0,0.0,0.0
ждать,0.0,0.0,0.0,1.0,0.0,0.0,0.0,0.0,0.0
же,5.0,1.0,1.0,11.0,9.0,3.0,7.0,5.0,4.0
желание,1.0,0.0,0.0,11.0,0.0,0.0,5.0,0.0,0.0
желать,0.0,0.0,0.0,2.0,0.0,0.0,3.0,0.0,0.0
желтый,0.0,0.0,0.0,0.0,2.0,0.0,0.0,0.0,0.0
жена,0.0,0.0,0.0,0.0,0.0,0.0,1.0,0.0,0.0
женский,0.0,0.0,0.0,0.0,0.0,0.0,0.0,0.0,2.0
женщина,1.0,0.0,0.0,0.0,0.0,0.0,1.0,0.0,0.0
живой,1.0,0.0,0.0,0.0,0.0,0.0,2.0,0.0,0.0
живот,0.0,0.0,0.0,0.0,0.0,1.0,0.0,0.0,0.0
жизнь,0.0,0.0,0.0,2.0,0.0,0.0,3.0,0.0,0.0
жирный,0.0,0.0,0.0,0.0,0.0,1.0,0.0,0.0,0.0
жить,3.0,0.0,0.0,5.0,0.0,3.0,3.0,0.0,4.0
жук,0.0,0.0,5.0,0.0,0.0,0.0,0.0,0.0,0.0
жутко,0.0,0.0,0.0,0.0,0.0,0.0,1.0,0.0,0.0
жучка,0.0,0.0,1.0,0.0,0.0,2.0,0.0,0.0,2.0
жучок,0.0,0.0,0.0,0.0,0.0,2.0,0.0,0.0,0.0
з,0.0,0.0,1.0,1.0,0.0,0.0,0.0,1.0,0.0
за,2.0,4.0,4.0,4.0,7.0,3.0,3.0,7.0,8.0
забежать,0.0,0.0,0.0,0.0,0.0,1.0,0.0,0.0,0.0
забирать,0.0,0.0,0.0,0.0,0.0,2.0,0.0,0.0,0.0
забить,0.0,1.0,1.0,2.0,0.0,0.0,0.0,0.0,0.0
заболеть,0.0,0.0,0.0,0.0,0.0,1.0,0.0,0.0,0.0
забор,0.0,9.0,0.0,0.0,23.0,0.0,0.0,25.0,0.0
забрать,1.0,0.0,1.0,1.0,0.0,1.0,1.0,0.0,0.0
забыть,2.0,1.0,1.0,0.0,0.0,0.0,3.0,2.0,0.0
заведение,0.0,0.0,0.0,0.0,0.0,0.0,0.0,0.0,2.0
завернуть,0.0,0.0,0.0,0.0,1.0,0.0,0.0,2.0,0.0
завтра,1.0,0.0,0.0,0.0,0.0,0.0,0.0,0.0,0.0
завязать,0.0,0.0,0.0,0.0,0.0,0.0,0.0,0.0,1.0
загадать,0.0,0.0,0.0,4.0,0.0,0.0,0.0,0.0,0.0
зад,1.0,0.0,0.0,0.0,0.0,0.0,0.0,0.0,0.0
задание,0.0,0.0,0.0,0.0,2.0,1.0,0.0,1.0,0.0
задача,0.0,0.0,0.0,0.0,0.0,0.0,0.0,0.0,1.0
задрожать,0.0,0.0,0.0,0.0,0.0,0.0,1.0,0.0,0.0
задуматься,0.0,0.0,1.0,0.0,0.0,0.0,0.0,0.0,0.0
зайти,0.0,0.0,0.0,0.0,1.0,0.0,0.0,0.0,1.0
заказать,0.0,0.0,0.0,2.0,0.0,0.0,0.0,0.0,0.0
заканчивать,0.0,0.0,0.0,0.0,0.0,1.0,0.0,0.0,1.0
заканчиваться,0.0,0.0,0.0,0.0,0.0,0.0,2.0,0.0,1.0
закинуть,0.0,0.0,0.0,0.0,0.0,0.0,1.0,0.0,0.0
закончить,0.0,0.0,0.0,0.0,0.0,0.0,0.0,1.0,3.0
закончиться,0.0,0.0,0.0,0.0,0.0,0.0,2.0,0.0,0.0
закрыть,1.0,0.0,0.0,0.0,0.0,1.0,0.0,0.0,1.0
закрыться,0.0,0.0,0.0,1.0,0.0,0.0,0.0,0.0,0.0
залазить,0.0,0.0,0.0,0.0,0.0,3.0,0.0,0.0,0.0
залезть,0.0,0.0,10.0,0.0,1.0,5.0,0.0,0.0,14.0
заменять,0.0,0.0,0.0,0.0,0.0,0.0,1.0,0.0,0.0
заметить,0.0,0.0,0.0,0.0,0.0,1.0,0.0,0.0,2.0
заниматься,0.0,0.0,0.0,0.0,0.0,1.0,3.0,0.0,0.0
заплакать,1.0,0.0,0.0,4.0,0.0,0.0,1.0,0.0,0.0
запрыгнуть,0.0,0.0,0.0,0.0,0.0,1.0,0.0,0.0,0.0
запустить,1.0,0.0,0.0,0.0,0.0,0.0,1.0,0.0,0.0
зарезать,3.0,0.0,0.0,2.0,0.0,0.0,6.0,0.0,0.0
заснуть,0.0,0.0,0.0,0.0,0.0,1.0,0.0,0.0,1.0
застукать,0.0,0.0,0.0,0.0,0.0,0.0,0.0,0.0,1.0
захватить,0.0,0.0,0.0,0.0,0.0,0.0,1.0,0.0,0.0
заходить,0.0,0.0,0.0,0.0,0.0,0.0,0.0,3.0,0.0
захотеть,0.0,0.0,1.0,1.0,0.0,3.0,1.0,0.0,1.0
захотеться,0.0,0.0,0.0,0.0,0.0,0.0,1.0,0.0,4.0
зачем,1.0,0.0,1.0,1.0,1.0,0.0,0.0,0.0,0.0
звать,1.0,1.0,4.0,2.0,0.0,0.0,0.0,0.0,0.0
зверь,0.0,0.0,0.0,2.0,0.0,0.0,0.0,0.0,0.0
зверюшко,0.0,0.0,0.0,1.0,0.0,0.0,0.0,0.0,0.0
звучать,0.0,0.0,0.0,0.0,0.0,0.0,0.0,1.0,0.0
зд,0.0,0.0,0.0,0.0,0.0,0.0,0.0,1.0,0.0
здание,0.0,0.0,0.0,0.0,1.0,0.0,0.0,0.0,0.0
здесь,2.0,3.0,2.0,11.0,3.0,6.0,1.0,5.0,1.0
здоровый,1.0,0.0,0.0,0.0,0.0,0.0,0.0,0.0,0.0
злиться,0.0,0.0,0.0,0.0,0.0,2.0,0.0,0.0,0.0
зло,0.0,0.0,0.0,0.0,0.0,2.0,0.0,0.0,2.0
злобно,0.0,0.0,0.0,1.0,0.0,0.0,0.0,0.0,0.0
злой,4.0,0.0,0.0,4.0,0.0,1.0,3.0,0.0,1.0
злость,0.0,0.0,0.0,0.0,0.0,0.0,1.0,0.0,0.0
зн,0.0,0.0,1.0,0.0,1.0,0.0,0.0,0.0,0.0
зна,1.0,1.0,0.0,0.0,0.0,0.0,0.0,0.0,0.0
знать,31.0,11.0,4.0,33.0,17.0,16.0,43.0,6.0,12.0
значит,0.0,0.0,0.0,0.0,0.0,1.0,2.0,0.0,0.0
значить,0.0,0.0,0.0,0.0,1.0,0.0,2.0,1.0,1.0
золото,0.0,1.0,0.0,0.0,0.0,0.0,0.0,0.0,0.0
золотой,6.0,0.0,0.0,14.0,0.0,0.0,9.0,0.0,0.0
зоопарк,0.0,0.0,0.0,1.0,0.0,0.0,0.0,0.0,0.0
зря,0.0,0.0,0.0,0.0,0.0,0.0,1.0,0.0,0.0
зу,1.0,0.0,0.0,0.0,0.0,0.0,0.0,1.0,1.0
зубной,1.0,0.0,0.0,0.0,0.0,0.0,0.0,0.0,0.0
зум,1.0,0.0,0.0,0.0,2.0,0.0,0.0,1.0,0.0
и,234.0,186.0,151.0,148.0,118.0,127.0,168.0,159.0,151.0
иван,0.0,0.0,0.0,0.0,0.0,0.0,3.0,0.0,0.0
ига,0.0,1.0,0.0,0.0,0.0,0.0,0.0,0.0,0.0
игра,0.0,1.0,0.0,0.0,0.0,0.0,0.0,1.0,0.0
играть,3.0,1.0,0.0,0.0,0.0,0.0,0.0,0.0,0.0
иде,0.0,0.0,0.0,0.0,1.0,0.0,0.0,0.0,0.0
идти,6.0,33.0,0.0,5.0,146.0,1.0,5.0,161.0,2.0
из,2.0,0.0,0.0,5.0,1.0,3.0,5.0,1.0,2.0
извинить,0.0,0.0,0.0,0.0,0.0,0.0,0.0,0.0,1.0
извиниться,0.0,0.0,1.0,0.0,0.0,1.0,0.0,0.0,1.0
изготавливать,0.0,0.0,0.0,0.0,0.0,0.0,0.0,2.0,0.0
измениться,0.0,0.0,0.0,0.0,0.0,0.0,1.0,0.0,0.0
изначально,0.0,0.0,0.0,0.0,0.0,0.0,0.0,0.0,1.0
или,4.0,2.0,1.0,13.0,2.0,3.0,31.0,6.0,20.0
именно,0.0,0.0,0.0,3.0,0.0,0.0,1.0,1.0,0.0
имя,0.0,0.0,0.0,0.0,0.0,0.0,1.0,0.0,2.0
ин,1.0,0.0,1.0,0.0,0.0,0.0,0.0,0.0,0.0
иначе,0.0,0.0,0.0,0.0,0.0,0.0,1.0,0.0,0.0
иногда,0.0,0.0,0.0,1.0,0.0,0.0,8.0,0.0,0.0
интересоваться,0.0,0.0,0.0,0.0,0.0,0.0,1.0,0.0,0.0
искать,2.0,0.0,0.0,0.0,0.0,0.0,0.0,0.0,0.0
иснуть,0.0,0.0,0.0,1.0,0.0,0.0,0.0,0.0,0.0
исполнение,0.0,0.0,0.0,0.0,0.0,0.0,1.0,0.0,0.0
исполнить,1.0,0.0,0.0,2.0,0.0,0.0,2.0,0.0,0.0
исполнять,0.0,0.0,0.0,0.0,0.0,0.0,1.0,0.0,0.0
использовать,0.0,0.0,0.0,0.0,0.0,1.0,1.0,0.0,0.0
испортить,0.0,0.0,0.0,0.0,0.0,0.0,1.0,0.0,0.0
испуганно,0.0,0.0,0.0,0.0,0.0,0.0,0.0,0.0,1.0
испугаться,0.0,0.0,1.0,2.0,0.0,5.0,0.0,0.0,10.0
ист,1.0,1.0,0.0,0.0,0.0,0.0,0.0,1.0,0.0
история,1.0,0.0,0.0,2.0,0.0,0.0,8.0,0.0,3.0
итак,0.0,1.0,0.0,0.0,0.0,0.0,0.0,0.0,0.0
итог,0.0,0.0,0.0,0.0,0.0,0.0,0.0,0.0,3.0
их,5.0,3.0,0.0,0.0,1.0,0.0,3.0,4.0,1.0
ихний,0.0,0.0,0.0,0.0,0.0,0.0,1.0,0.0,0.0
йо,0.0,1.0,0.0,0.0,0.0,0.0,0.0,0.0,0.0
к,5.0,27.0,4.0,12.0,52.0,5.0,12.0,62.0,7.0
ка,0.0,1.0,1.0,0.0,2.0,1.0,0.0,1.0,0.0
каж,0.0,0.0,0.0,0.0,0.0,0.0,1.0,0.0,0.0
каждый,0.0,0.0,0.0,1.0,0.0,2.0,0.0,0.0,3.0
кажется,0.0,0.0,0.0,0.0,0.0,0.0,1.0,0.0,0.0
казаться,0.0,0.0,0.0,2.0,0.0,0.0,2.0,0.0,0.0
как,7.0,14.0,16.0,31.0,28.0,31.0,47.0,46.0,52.0
какой,1.0,1.0,0.0,2.0,1.0,5.0,3.0,6.0,2.0
калитка,0.0,0.0,0.0,0.0,1.0,0.0,0.0,0.0,0.0
камень,0.0,2.0,0.0,0.0,3.0,0.0,0.0,1.0,0.0
кампус,0.0,0.0,0.0,0.0,0.0,0.0,0.0,0.0,1.0
кан,0.0,0.0,0.0,0.0,0.0,0.0,0.0,1.0,0.0
канал,1.0,0.0,0.0,0.0,0.0,0.0,0.0,0.0,0.0
каникулы,0.0,0.0,0.0,0.0,0.0,0.0,1.0,0.0,0.0
кар,0.0,0.0,0.0,0.0,0.0,0.0,0.0,3.0,0.0
карета,0.0,0.0,0.0,0.0,0.0,0.0,4.0,0.0,0.0
картина,0.0,0.0,0.0,0.0,0.0,1.0,0.0,0.0,0.0
картинка,1.0,0.0,0.0,4.0,13.0,0.0,4.0,17.0,3.0
катя,0.0,0.0,0.0,0.0,0.0,1.0,0.0,0.0,0.0
квадрат,0.0,1.0,0.0,0.0,0.0,0.0,0.0,2.0,0.0
квадратик,0.0,0.0,0.0,0.0,1.0,0.0,0.0,0.0,0.0
квадратный,0.0,0.0,0.0,0.0,0.0,0.0,0.0,0.0,1.0
квартира,0.0,0.0,0.0,0.0,0.0,3.0,0.0,0.0,1.0
кивнуть,0.0,0.0,0.0,0.0,0.0,1.0,0.0,0.0,0.0
кидать,1.0,0.0,0.0,3.0,0.0,0.0,0.0,0.0,0.0
кинуть,2.0,0.0,0.0,3.0,0.0,0.0,3.0,0.0,0.0
клад,0.0,1.0,0.0,0.0,0.0,0.0,0.0,0.0,0.0
кладовка,0.0,0.0,0.0,0.0,0.0,1.0,0.0,0.0,3.0
класс,1.0,0.0,0.0,1.0,0.0,0.0,0.0,0.0,0.0
классно,0.0,0.0,0.0,0.0,0.0,1.0,0.0,0.0,0.0
классный,0.0,0.0,0.0,0.0,0.0,0.0,0.0,1.0,0.0
книга,0.0,0.0,0.0,1.0,0.0,0.0,0.0,0.0,0.0
книжка,0.0,0.0,0.0,1.0,0.0,0.0,1.0,0.0,0.0
книзу,0.0,0.0,0.0,0.0,0.0,0.0,0.0,1.0,0.0
ко,0.0,0.0,1.0,0.0,1.0,0.0,0.0,1.0,1.0
ковер,0.0,0.0,0.0,0.0,0.0,0.0,0.0,0.0,1.0
ког,0.0,0.0,0.0,1.0,0.0,0.0,0.0,0.0,0.0
когда,1.0,3.0,2.0,10.0,4.0,10.0,12.0,14.0,10.0
кол,0.0,0.0,0.0,0.0,0.0,1.0,0.0,0.0,0.0
колба,0.0,0.0,1.0,0.0,0.0,1.0,0.0,0.0,0.0
колбас,0.0,0.0,0.0,0.0,0.0,0.0,0.0,1.0,0.0
колбаса,0.0,8.0,20.0,0.0,21.0,58.0,0.0,23.0,73.0
колбаск,0.0,0.0,1.0,0.0,0.0,0.0,0.0,0.0,0.0
колбаска,0.0,1.0,15.0,0.0,3.0,7.0,0.0,2.0,9.0
количество,0.0,0.0,0.0,0.0,0.0,0.0,1.0,0.0,0.0
командировка,0.0,0.0,0.0,0.0,0.0,1.0,0.0,0.0,0.0
комната,0.0,1.0,0.0,2.0,0.0,1.0,2.0,0.0,1.0
комод,0.0,0.0,6.0,0.0,0.0,10.0,0.0,0.0,15.0
конец,1.0,0.0,1.0,1.0,8.0,1.0,17.0,21.0,4.0
конечно,0.0,0.0,0.0,4.0,0.0,0.0,7.0,1.0,1.0
конфетка,3.0,0.0,0.0,0.0,0.0,0.0,0.0,1.0,0.0
кораблик,0.0,0.0,0.0,0.0,0.0,0.0,0.0,1.0,0.0
корабль,0.0,3.0,0.0,0.0,3.0,0.0,0.0,2.0,0.0
корее,0.0,0.0,0.0,0.0,0.0,0.0,1.0,0.0,0.0
коричневый,0.0,0.0,0.0,0.0,1.0,0.0,0.0,2.0,0.0
корокий,0.0,0.0,0.0,8.0,5.0,8.0,1.0,0.0,2.0
короткий,0.0,0.0,0.0,1.0,0.0,0.0,0.0,0.0,0.0
корыто,1.0,0.0,0.0,0.0,0.0,0.0,1.0,0.0,0.0
кос,0.0,1.0,0.0,0.0,0.0,0.0,0.0,0.0,0.0
коса,0.0,0.0,0.0,0.0,0.0,0.0,1.0,0.0,0.0
косо,0.0,1.0,0.0,0.0,1.0,0.0,0.0,1.0,0.0
костер,0.0,0.0,0.0,0.0,0.0,0.0,1.0,0.0,0.0
кость,0.0,0.0,0.0,1.0,0.0,0.0,0.0,0.0,1.0
кот,0.0,0.0,0.0,0.0,0.0,1.0,0.0,0.0,0.0
который,0.0,0.0,0.0,3.0,1.0,8.0,12.0,5.0,10.0
кошка,0.0,0.0,1.0,0.0,0.0,1.0,0.0,0.0,0.0
край,0.0,0.0,0.0,0.0,0.0,0.0,0.0,2.0,0.0
красиво,0.0,0.0,0.0,0.0,0.0,1.0,0.0,0.0,0.0
красивый,2.0,1.0,0.0,4.0,1.0,2.0,0.0,0.0,0.0
красный,0.0,0.0,0.0,0.0,4.0,1.0,0.0,3.0,0.0
крестик,0.0,0.0,0.0,0.0,0.0,0.0,0.0,1.0,0.0
крестика,0.0,0.0,0.0,0.0,1.0,0.0,0.0,0.0,0.0
криво,0.0,8.0,0.0,0.0,0.0,0.0,0.0,0.0,0.0
крикнуть,0.0,0.0,0.0,0.0,0.0,0.0,1.0,0.0,0.0
кричать,0.0,0.0,1.0,0.0,0.0,0.0,0.0,0.0,2.0
кровь,0.0,0.0,0.0,0.0,0.0,0.0,0.0,0.0,2.0
крокодил,6.0,0.0,0.0,0.0,0.0,0.0,0.0,0.0,0.0
круг,0.0,15.0,0.0,0.0,20.0,0.0,0.0,17.0,0.0
круглый,0.0,0.0,0.0,0.0,0.0,1.0,0.0,0.0,0.0
кругом,0.0,1.0,0.0,0.0,0.0,0.0,0.0,2.0,0.0
кружок,0.0,1.0,0.0,0.0,3.0,0.0,0.0,2.0,0.0
кружочек,0.0,1.0,0.0,0.0,0.0,0.0,0.0,0.0,0.0
крупный,0.0,0.0,0.0,0.0,0.0,0.0,1.0,0.0,0.0
крутить,0.0,1.0,0.0,0.0,0.0,0.0,0.0,0.0,0.0
кстати,1.0,0.0,0.0,0.0,0.0,0.0,0.0,0.0,0.0
кто,0.0,0.0,1.0,1.0,1.0,2.0,2.0,0.0,0.0
ку,1.0,1.0,0.0,0.0,0.0,0.0,0.0,1.0,0.0
кувырок,0.0,1.0,0.0,0.0,0.0,0.0,0.0,0.0,0.0
куда,0.0,1.0,0.0,0.0,3.0,0.0,0.0,2.0,1.0
кузя,0.0,0.0,2.0,0.0,0.0,0.0,0.0,0.0,0.0
купить,4.0,0.0,1.0,1.0,0.0,0.0,0.0,0.0,0.0
кусок,0.0,0.0,0.0,0.0,1.0,0.0,0.0,1.0,2.0
кусочек,0.0,0.0,0.0,1.0,0.0,0.0,0.0,10.0,0.0
кухня,0.0,0.0,0.0,1.0,0.0,1.0,0.0,0.0,0.0
кушать,10.0,0.0,8.0,20.0,0.0,9.0,8.0,0.0,3.0
ла,1.0,0.0,0.0,2.0,1.0,0.0,0.0,0.0,0.0
ладно,1.0,3.0,0.0,3.0,6.0,2.0,0.0,3.0,2.0
лапка,0.0,0.0,0.0,0.0,0.0,1.0,0.0,0.0,0.0
ле,0.0,0.0,0.0,0.0,0.0,0.0,1.0,1.0,0.0
лев,0.0,0.0,0.0,0.0,1.0,0.0,0.0,0.0,0.0
левый,0.0,8.0,0.0,0.0,36.0,0.0,0.0,32.0,0.0
легкий,0.0,0.0,0.0,0.0,1.0,0.0,0.0,0.0,0.0
лежать,1.0,0.0,4.0,0.0,0.0,11.0,0.0,0.0,17.0
лезть,0.0,0.0,1.0,0.0,0.0,0.0,0.0,0.0,0.0
лена,0.0,0.0,2.0,0.0,0.0,0.0,0.0,0.0,0.0
лес,0.0,0.0,1.0,0.0,0.0,0.0,0.0,0.0,0.0
лесенка,0.0,0.0,0.0,0.0,0.0,0.0,0.0,0.0,1.0
лестница,0.0,0.0,3.0,0.0,0.0,5.0,0.0,0.0,1.0
летать,0.0,1.0,0.0,0.0,1.0,0.0,0.0,0.0,0.0
лететь,0.0,1.0,0.0,0.0,2.0,0.0,0.0,0.0,0.0
летний,0.0,0.0,0.0,0.0,0.0,0.0,1.0,0.0,0.0
лечь,0.0,0.0,0.0,0.0,0.0,2.0,0.0,0.0,0.0
ли,2.0,0.0,0.0,0.0,0.0,1.0,1.0,0.0,1.0
лиз,0.0,0.0,0.0,0.0,0.0,1.0,0.0,0.0,0.0
лиза,0.0,0.0,0.0,0.0,0.0,2.0,0.0,0.0,0.0
линия,0.0,0.0,1.0,0.0,1.0,0.0,0.0,2.0,0.0
линкс,0.0,4.0,0.0,0.0,1.0,0.0,0.0,0.0,0.0
лиса,0.0,0.0,0.0,1.0,0.0,0.0,0.0,0.0,0.0
лист,0.0,0.0,0.0,0.0,0.0,0.0,0.0,5.0,0.0
листочек,0.0,0.0,0.0,0.0,0.0,0.0,0.0,1.0,0.0
лицо,0.0,0.0,0.0,0.0,3.0,0.0,0.0,0.0,1.0
лично,0.0,0.0,0.0,1.0,0.0,0.0,0.0,0.0,0.0
ловить,6.0,0.0,0.0,7.0,0.0,0.0,14.0,0.0,0.0
ловля,0.0,0.0,0.0,0.0,0.0,0.0,1.0,0.0,0.0
лодка,0.0,13.0,0.0,0.0,30.0,0.0,0.0,40.0,0.0
ложка,0.0,0.0,0.0,0.0,1.0,0.0,0.0,0.0,0.0
лужайка,0.0,0.0,0.0,0.0,0.0,0.0,0.0,2.0,0.0
лучхой,0.0,0.0,0.0,0.0,0.0,0.0,1.0,0.0,0.0
лучше,0.0,0.0,0.0,1.0,0.0,0.0,0.0,0.0,0.0
лучший,0.0,0.0,0.0,0.0,0.0,0.0,2.0,0.0,0.0
любимый,0.0,0.0,1.0,0.0,0.0,0.0,0.0,0.0,0.0
любить,1.0,0.0,7.0,2.0,0.0,2.0,2.0,0.0,4.0
любоваться,0.0,0.0,0.0,0.0,0.0,0.0,1.0,0.0,0.0
любой,0.0,0.0,0.0,1.0,0.0,0.0,0.0,0.0,0.0
любящий,0.0,0.0,0.0,0.0,0.0,0.0,0.0,0.0,1.0
м,0.0,0.0,0.0,2.0,0.0,0.0,0.0,0.0,0.0
ма,2.0,0.0,2.0,0.0,0.0,0.0,2.0,1.0,0.0
магазин,1.0,0.0,1.0,1.0,0.0,0.0,0.0,2.0,0.0
макс,0.0,0.0,0.0,0.0,0.0,5.0,0.0,0.0,0.0
маленек,0.0,0.0,0.0,0.0,0.0,0.0,1.0,0.0,0.0
маленькая,0.0,0.0,0.0,1.0,0.0,0.0,2.0,0.0,0.0
маленький,16.0,0.0,2.0,14.0,1.0,1.0,17.0,2.0,7.0
маленько,0.0,0.0,0.0,0.0,0.0,0.0,2.0,9.0,0.0
мало,0.0,0.0,0.0,0.0,1.0,0.0,0.0,1.0,0.0
малый,0.0,0.0,0.0,1.0,0.0,0.0,2.0,0.0,0.0
мальчик,42.0,0.0,0.0,24.0,0.0,1.0,34.0,0.0,0.0
малюсенький,0.0,0.0,0.0,0.0,0.0,0.0,1.0,0.0,0.0
мама,2.0,1.0,0.0,4.0,0.0,1.0,2.0,4.0,1.0
ман,0.0,0.0,0.0,0.0,0.0,0.0,0.0,1.0,1.0
мар,0.0,0.0,0.0,0.0,2.0,0.0,0.0,0.0,0.0
мас,0.0,0.0,1.0,0.0,0.0,0.0,0.0,0.0,0.0
махать,14.0,0.0,1.0,3.0,0.0,2.0,0.0,0.0,1.0
маше,1.0,0.0,0.0,0.0,0.0,0.0,0.0,0.0,0.0
машина,1.0,0.0,0.0,0.0,0.0,0.0,0.0,0.0,0.0
медведь,7.0,0.0,0.0,2.0,0.0,0.0,0.0,0.0,0.0
медленный,0.0,0.0,0.0,0.0,0.0,0.0,1.0,0.0,0.0
между,0.0,0.0,0.0,0.0,4.0,0.0,0.0,11.0,0.0
меньхой,1.0,0.0,0.0,0.0,0.0,0.0,0.0,0.0,0.0
менять,0.0,0.0,0.0,0.0,0.0,0.0,0.0,2.0,0.0
мертвый,0.0,0.0,0.0,1.0,0.0,0.0,1.0,0.0,0.0
место,2.0,0.0,1.0,6.0,2.0,0.0,4.0,5.0,1.0
месяц,0.0,0.0,0.0,0.0,0.0,0.0,1.0,0.0,0.0
метр,1.0,0.0,2.0,1.0,0.0,0.0,1.0,0.0,0.0
мечтать,0.0,0.0,0.0,0.0,0.0,2.0,0.0,0.0,5.0
ми,0.0,1.0,0.0,0.0,0.0,0.0,0.0,0.0,0.0
миа,0.0,0.0,0.0,0.0,0.0,3.0,0.0,0.0,0.0
миллиметр,9.0,0.0,0.0,4.0,2.0,2.0,2.0,0.0,0.0
милый,0.0,0.0,0.0,0.0,0.0,0.0,1.0,0.0,0.0
мимо,0.0,14.0,0.0,0.0,5.0,2.0,0.0,19.0,1.0
минимум,0.0,0.0,0.0,0.0,0.0,0.0,0.0,0.0,1.0
минута,0.0,0.0,0.0,1.0,0.0,0.0,0.0,0.0,0.0
миска,0.0,0.0,0.0,0.0,0.0,0.0,0.0,0.0,1.0
мистер,3.0,0.0,0.0,0.0,0.0,0.0,0.0,0.0,0.0
миш,0.0,0.0,0.0,0.0,0.0,0.0,1.0,0.0,0.0
миша,2.0,0.0,0.0,0.0,0.0,0.0,5.0,0.0,0.0
мишка,0.0,0.0,0.0,1.0,0.0,0.0,0.0,0.0,0.0
мм,0.0,0.0,1.0,0.0,0.0,0.0,0.0,0.0,0.0
ммм,1.0,0.0,1.0,61.0,0.0,0.0,15.0,0.0,0.0
мммм,0.0,0.0,0.0,3.0,0.0,0.0,1.0,0.0,1.0
многий,0.0,0.0,0.0,0.0,0.0,0.0,1.0,0.0,0.0
много,1.0,0.0,3.0,7.0,1.0,2.0,10.0,2.0,1.0
мо,0.0,0.0,0.0,2.0,0.0,3.0,0.0,0.0,0.0
может,0.0,0.0,0.0,2.0,1.0,2.0,1.0,0.0,1.0
можно,5.0,0.0,1.0,3.0,8.0,3.0,10.0,2.0,2.0
мозг,0.0,0.0,0.0,0.0,0.0,1.0,0.0,0.0,0.0
мой,7.0,0.0,1.0,4.0,0.0,3.0,2.0,0.0,0.0
молодец,0.0,0.0,1.0,0.0,0.0,0.0,0.0,0.0,0.0
молоко,0.0,0.0,0.0,0.0,1.0,0.0,0.0,0.0,0.0
момент,0.0,0.0,0.0,2.0,0.0,0.0,1.0,0.0,1.0
мораль,0.0,0.0,0.0,1.0,0.0,0.0,7.0,0.0,0.0
море,6.0,0.0,0.0,4.0,0.0,0.0,0.0,0.0,0.0
моряк,0.0,0.0,0.0,0.0,0.0,0.0,0.0,0.0,1.0
мочь,3.0,2.0,5.0,23.0,8.0,10.0,22.0,4.0,18.0
му,0.0,0.0,1.0,0.0,0.0,0.0,0.0,0.0,0.0
мужик,0.0,0.0,0.0,0.0,0.0,0.0,4.0,0.0,0.0
мужчина,0.0,0.0,0.0,1.0,0.0,0.0,3.0,0.0,0.0
мультик,1.0,0.0,0.0,1.0,0.0,0.0,0.0,0.0,0.0
мультфильм,1.0,0.0,0.0,0.0,0.0,0.0,0.0,0.0,0.0
мусс,1.0,0.0,0.0,0.0,0.0,0.0,0.0,0.0,0.0
мы,6.0,59.0,5.0,19.0,11.0,0.0,15.0,37.0,0.0
мясо,0.0,0.0,7.0,0.0,3.0,8.0,2.0,0.0,0.0
мяч,3.0,0.0,0.0,0.0,0.0,0.0,0.0,0.0,0.0
мячик,3.0,1.0,0.0,5.0,0.0,0.0,0.0,0.0,0.0
н,1.0,0.0,0.0,0.0,2.0,0.0,0.0,0.0,0.0
на,30.0,53.0,42.0,39.0,79.0,70.0,53.0,100.0,82.0
набраться,0.0,0.0,0.0,0.0,0.0,1.0,0.0,0.0,0.0
наверно,1.0,0.0,0.0,0.0,0.0,6.0,19.0,4.0,11.0
наверное,1.0,0.0,0.0,7.0,0.0,0.0,4.0,0.0,2.0
наверх,0.0,82.0,8.0,0.0,45.0,7.0,0.0,44.0,6.0
наверху,0.0,5.0,1.0,0.0,5.0,3.0,0.0,2.0,8.0
навести,0.0,0.0,0.0,0.0,1.0,0.0,0.0,0.0,0.0
наградить,0.0,0.0,0.0,0.0,0.0,0.0,0.0,0.0,1.0
над,0.0,1.0,0.0,0.0,1.0,0.0,2.0,1.0,0.0
надевать,0.0,0.0,0.0,0.0,0.0,0.0,0.0,0.0,1.0
надеть,0.0,0.0,0.0,0.0,0.0,0.0,1.0,0.0,1.0
надо,6.0,84.0,0.0,18.0,17.0,4.0,13.0,18.0,3.0
надпись,0.0,0.0,0.0,0.0,0.0,0.0,0.0,1.0,0.0
наеться,0.0,0.0,0.0,0.0,0.0,2.0,0.0,0.0,0.0
назад,3.0,0.0,0.0,11.0,2.0,1.0,2.0,1.0,1.0
назвать,0.0,0.0,0.0,1.0,0.0,1.0,0.0,0.0,2.0
называться,1.0,5.0,2.0,2.0,5.0,3.0,0.0,1.0,3.0
наискосок,0.0,2.0,0.0,0.0,7.0,0.0,0.0,5.0,0.0
найти,1.0,2.0,2.0,1.0,0.0,1.0,0.0,0.0,0.0
найтись,1.0,0.0,0.0,0.0,0.0,0.0,0.0,0.0,0.0
нак,0.0,0.0,0.0,0.0,0.0,0.0,0.0,0.0,1.0
наказать,0.0,0.0,0.0,0.0,0.0,0.0,0.0,0.0,1.0
наказывать,0.0,0.0,0.0,0.0,0.0,0.0,0.0,0.0,1.0
наклон,0.0,0.0,0.0,0.0,3.0,0.0,0.0,3.0,0.0
накричать,0.0,0.0,0.0,0.0,0.0,0.0,0.0,0.0,1.0
нал,0.0,2.0,0.0,0.0,1.0,0.0,0.0,0.0,0.0
налево,0.0,59.0,0.0,0.0,94.0,0.0,0.0,67.0,0.0
налить,1.0,0.0,0.0,0.0,0.0,0.0,0.0,0.0,0.0
наловить,0.0,0.0,0.0,1.0,0.0,0.0,0.0,0.0,0.0
намерение,0.0,0.0,0.0,0.0,0.0,0.0,4.0,0.0,0.0
намного,0.0,0.0,0.0,0.0,0.0,0.0,2.0,0.0,0.0
намок,1.0,0.0,0.0,0.0,0.0,0.0,0.0,0.0,0.0
наоборот,0.0,0.0,0.0,0.0,0.0,0.0,5.0,0.0,1.0
нападать,0.0,0.0,0.0,0.0,0.0,0.0,1.0,0.0,0.0
написать,1.0,1.0,0.0,0.0,0.0,0.0,0.0,0.0,0.0
наполовину,0.0,0.0,0.0,0.0,1.0,0.0,0.0,0.0,0.0
напр,0.0,1.0,0.0,0.0,2.0,0.0,0.0,0.0,0.0
направление,0.0,0.0,0.0,0.0,0.0,0.0,0.0,1.0,0.0
направо,0.0,52.0,0.0,0.0,56.0,0.0,0.0,63.0,0.0
направый,0.0,0.0,0.0,0.0,0.0,0.0,0.0,1.0,0.0
например,0.0,0.0,0.0,2.0,0.0,0.0,4.0,0.0,0.0
напрямую,0.0,0.0,0.0,0.0,0.0,0.0,0.0,2.0,0.0
напугаться,0.0,0.0,3.0,0.0,0.0,1.0,0.0,0.0,0.0
нарезать,0.0,0.0,0.0,0.0,0.0,0.0,1.0,0.0,0.0
нарисовать,0.0,0.0,0.0,0.0,0.0,1.0,0.0,4.0,0.0
натура,0.0,0.0,0.0,0.0,0.0,0.0,1.0,0.0,0.0
научиться,2.0,0.0,0.0,0.0,0.0,1.0,0.0,0.0,0.0
нах,0.0,14.0,1.0,1.0,0.0,0.0,0.0,2.0,0.0
находиться,0.0,0.0,0.0,0.0,0.0,0.0,0.0,2.0,0.0
начало,0.0,1.0,0.0,0.0,2.0,1.0,0.0,4.0,2.0
начальник,0.0,0.0,0.0,1.0,0.0,0.0,0.0,0.0,0.0
начать,0.0,0.0,0.0,9.0,2.0,5.0,11.0,9.0,6.0
начин,0.0,0.0,0.0,0.0,0.0,0.0,1.0,0.0,0.0
начинать,1.0,1.0,0.0,2.0,0.0,0.0,5.0,3.0,0.0
начинаться,0.0,0.0,2.0,0.0,0.0,0.0,2.0,2.0,1.0
наш,0.0,0.0,0.0,1.0,0.0,0.0,0.0,0.0,0.0
не,93.0,25.0,30.0,139.0,50.0,51.0,173.0,58.0,60.0
неа,0.0,0.0,0.0,1.0,0.0,0.0,0.0,0.0,0.0
небо,1.0,0.0,0.0,0.0,0.0,0.0,0.0,1.0,0.0
небольшой,0.0,0.0,0.0,0.0,1.0,0.0,0.0,3.0,0.0
неважно,0.0,0.0,0.0,0.0,0.0,0.0,1.0,0.0,0.0
недалеко,0.0,0.0,0.0,0.0,0.0,0.0,0.0,2.0,0.0
недовольно,1.0,0.0,0.0,0.0,0.0,0.0,0.0,0.0,0.0
недовольный,1.0,0.0,0.0,0.0,0.0,1.0,0.0,0.0,0.0
недостижимый,0.0,0.0,0.0,0.0,0.0,0.0,0.0,0.0,1.0
нееее,0.0,0.0,0.0,0.0,1.0,0.0,0.0,0.0,0.0
нееть,1.0,0.0,1.0,1.0,0.0,0.0,0.0,0.0,0.0
некоторый,0.0,0.0,0.0,0.0,0.0,0.0,2.0,0.0,0.0
нельзя,0.0,1.0,2.0,2.0,0.0,2.0,2.0,0.0,1.0
нем,0.0,0.0,0.0,0.0,0.0,0.0,1.0,0.0,0.0
немецкий,0.0,0.0,0.0,3.0,0.0,1.0,2.0,0.0,0.0
немного,0.0,2.0,0.0,0.0,0.0,0.0,0.0,0.0,3.0
немножко,0.0,7.0,1.0,2.0,8.0,2.0,0.0,5.0,0.0
немо,9.0,0.0,0.0,1.0,0.0,0.0,0.0,0.0,0.0
ненавидеть,0.0,0.0,0.0,0.0,0.0,1.0,0.0,0.0,0.0
неожиданно,0.0,0.0,0.0,0.0,0.0,1.0,0.0,0.0,0.0
неожиданный,0.0,0.0,0.0,1.0,0.0,0.0,0.0,0.0,0.0
непонятно,0.0,0.0,0.0,0.0,0.0,1.0,0.0,0.0,0.0
непонятный,0.0,0.0,0.0,0.0,0.0,1.0,0.0,0.0,0.0
неправильно,0.0,0.0,0.0,0.0,0.0,0.0,0.0,1.0,0.0
неприятный,0.0,0.0,0.0,0.0,0.0,0.0,2.0,0.0,0.0
несколько,0.0,0.0,0.0,1.0,0.0,0.0,1.0,3.0,2.0
нет,33.0,6.0,5.0,35.0,7.0,10.0,25.0,14.0,12.0
нету,1.0,0.0,3.0,0.0,0.0,1.0,0.0,0.0,2.0
нечаянно,0.0,0.0,0.0,0.0,0.0,1.0,0.0,0.0,0.0
нечего,0.0,0.0,0.0,1.0,0.0,0.0,1.0,0.0,0.0
неый,0.0,0.0,1.0,2.0,0.0,0.0,0.0,0.0,0.0
ни,2.0,1.0,0.0,1.0,2.0,1.0,1.0,6.0,0.0
нидкий,0.0,0.0,0.0,0.0,3.0,0.0,0.0,0.0,0.0
нижний,0.0,0.0,0.0,0.0,1.0,0.0,0.0,2.0,2.0
низ,0.0,1.0,0.0,0.0,3.0,0.0,0.0,10.0,0.0
низкий,0.0,0.0,0.0,0.0,1.0,0.0,0.0,0.0,0.0
низко,0.0,1.0,0.0,0.0,0.0,0.0,0.0,0.0,0.0
никак,0.0,0.0,0.0,0.0,0.0,1.0,0.0,0.0,1.0
никогда,1.0,0.0,0.0,1.0,0.0,0.0,0.0,0.0,0.0
никто,0.0,0.0,0.0,0.0,0.0,1.0,0.0,0.0,0.0
ниче,0.0,0.0,1.0,7.0,0.0,0.0,2.0,0.0,0.0
ничто,2.0,1.0,2.0,1.0,0.0,2.0,2.0,0.0,1.0
но,7.0,1.0,7.0,28.0,6.0,7.0,43.0,23.0,24.0
новый,2.0,0.0,0.0,2.0,0.0,0.0,0.0,0.0,0.0
нога,0.0,0.0,0.0,0.0,0.0,0.0,0.0,0.0,1.0
нож,0.0,0.0,1.0,2.0,0.0,1.0,1.0,0.0,0.0
ножик,1.0,0.0,1.0,1.0,0.0,2.0,2.0,0.0,1.0
нормально,0.0,0.0,0.0,1.0,2.0,0.0,1.0,1.0,0.0
нормальный,0.0,0.0,0.0,2.0,2.0,0.0,0.0,0.0,0.0
носить,0.0,0.0,0.0,0.0,0.0,0.0,1.0,0.0,1.0
нохнуть,0.0,4.0,0.0,0.0,0.0,0.0,0.0,1.0,0.0
нравиться,0.0,0.0,0.0,2.0,0.0,0.0,0.0,0.0,0.0
ну,28.0,25.0,13.0,98.0,91.0,28.0,107.0,100.0,59.0
нужно,0.0,11.0,0.0,0.0,1.0,1.0,4.0,8.0,0.0
нур,1.0,1.0,0.0,0.0,0.0,0.0,0.0,0.0,0.0
нуу,0.0,0.0,0.0,2.0,0.0,0.0,0.0,0.0,0.0
нууу,1.0,4.0,0.0,3.0,0.0,0.0,2.0,1.0,1.0
о,7.0,0.0,1.0,1.0,2.0,7.0,7.0,4.0,8.0
об,0.0,0.0,0.0,0.0,5.0,0.0,2.0,1.0,3.0
оба,0.0,0.0,0.0,0.0,0.0,0.0,1.0,0.0,0.0
обводить,0.0,0.0,0.0,0.0,1.0,0.0,0.0,0.0,0.0
обед,0.0,0.0,0.0,1.0,0.0,0.0,1.0,0.0,0.0
обещать,0.0,0.0,0.0,1.0,0.0,0.0,1.0,0.0,0.0
обидеться,0.0,0.0,0.0,0.0,0.0,0.0,1.0,0.0,1.0
обижаться,1.0,0.0,0.0,0.0,0.0,0.0,0.0,0.0,1.0
облизывать,0.0,0.0,0.0,0.0,0.0,1.0,0.0,0.0,0.0
обмануть,0.0,0.0,1.0,0.0,0.0,1.0,0.0,0.0,0.0
обнимать,0.0,0.0,1.0,0.0,0.0,1.0,0.0,0.0,2.0
обниматься,0.0,0.0,4.0,0.0,0.0,0.0,0.0,0.0,0.0
обнять,0.0,0.0,3.0,0.0,0.0,12.0,0.0,0.0,12.0
обойти,0.0,0.0,0.0,0.0,5.0,0.0,0.0,7.0,0.0
обра,0.0,0.0,0.0,0.0,0.0,0.0,0.0,1.0,0.0
обрадоваться,1.0,0.0,1.0,5.0,0.0,4.0,5.0,0.0,1.0
образно,0.0,0.0,0.0,0.0,0.0,0.0,0.0,0.0,1.0
образование,0.0,0.0,0.0,0.0,0.0,0.0,0.0,0.0,1.0
образоваться,0.0,0.0,0.0,0.0,0.0,0.0,1.0,0.0,0.0
обратно,2.0,0.0,0.0,5.0,0.0,0.0,19.0,7.0,0.0
обувь,1.0,0.0,0.0,0.0,0.0,0.0,0.0,0.0,0.0
обходить,0.0,0.0,0.0,0.0,10.0,0.0,0.0,7.0,0.0
общее,0.0,0.0,0.0,0.0,0.0,0.0,1.0,1.0,1.0
общий,0.0,0.0,0.0,0.0,0.0,0.0,1.0,0.0,0.0
объем,0.0,0.0,0.0,0.0,0.0,1.0,0.0,0.0,0.0
обычно,0.0,0.0,0.0,0.0,0.0,0.0,1.0,0.0,0.0
обязанный,0.0,0.0,0.0,0.0,0.0,0.0,0.0,1.0,0.0
обязательно,0.0,0.0,0.0,0.0,0.0,0.0,2.0,0.0,0.0
огибать,0.0,0.0,0.0,0.0,0.0,0.0,0.0,2.0,0.0
огромный,2.0,3.0,0.0,0.0,0.0,0.0,3.0,0.0,1.0
одевать,0.0,0.0,0.0,0.0,0.0,1.0,0.0,0.0,0.0
одер,1.0,1.0,0.0,0.0,0.0,0.0,0.0,0.0,0.0
одетый,0.0,0.0,0.0,0.0,0.0,0.0,0.0,0.0,1.0
одеть,0.0,0.0,1.0,0.0,0.0,0.0,0.0,0.0,2.0
один,40.0,10.0,12.0,12.0,14.0,15.0,13.0,1.0,11.0
одинаково,0.0,0.0,0.0,0.0,0.0,0.0,0.0,1.0,0.0
однажды,1.0,0.0,3.0,3.0,0.0,4.0,1.0,0.0,1.0
озеро,3.0,0.0,0.0,11.0,0.0,0.0,19.0,0.0,0.0
ой,0.0,1.0,0.0,6.0,3.0,6.0,4.0,2.0,2.0
ок,3.0,0.0,0.0,3.0,4.0,4.0,0.0,1.0,1.0
оказаться,0.0,0.0,0.0,0.0,0.0,0.0,1.0,1.0,0.0
оказываться,0.0,0.0,0.0,0.0,0.0,0.0,0.0,1.0,0.0
оканчиваться,0.0,0.0,0.0,0.0,0.0,0.0,0.0,1.0,0.0
окно,0.0,0.0,0.0,0.0,0.0,0.0,0.0,2.0,0.0
око,0.0,0.0,0.0,0.0,0.0,0.0,0.0,0.0,1.0
около,0.0,0.0,0.0,0.0,5.0,0.0,1.0,4.0,0.0
окончательно,0.0,0.0,0.0,0.0,0.0,0.0,0.0,0.0,1.0
окружить,0.0,0.0,0.0,0.0,4.0,0.0,0.0,1.0,0.0
олегнуть,4.0,0.0,0.0,0.0,0.0,0.0,0.0,0.0,0.0
он,132.0,9.0,76.0,87.0,8.0,84.0,75.0,9.0,57.0
она,61.0,0.0,124.0,123.0,2.0,155.0,87.0,7.0,193.0
они,69.0,2.0,16.0,89.0,3.0,12.0,105.0,1.0,8.0
оно,1.0,0.0,0.0,0.0,1.0,0.0,2.0,0.0,0.0
оо,0.0,0.0,0.0,0.0,1.0,0.0,0.0,0.0,0.0
ооо,0.0,1.0,0.0,0.0,0.0,1.0,0.0,1.0,0.0
оооо,1.0,0.0,1.0,0.0,0.0,0.0,0.0,1.0,0.0
оп,1.0,0.0,0.0,0.0,0.0,0.0,0.0,0.0,0.0
опасно,0.0,0.0,0.0,1.0,0.0,0.0,0.0,0.0,0.0
описывать,0.0,0.0,0.0,0.0,0.0,1.0,0.0,2.0,0.0
опись,1.0,0.0,0.0,0.0,0.0,0.0,0.0,1.0,0.0
опить,0.0,0.0,0.0,3.0,0.0,0.0,0.0,0.0,0.0
опустить,0.0,0.0,0.0,0.0,0.0,0.0,2.0,0.0,0.0
опять,26.0,26.0,9.0,27.0,32.0,4.0,23.0,40.0,2.0
оранжевый,1.0,0.0,0.0,0.0,0.0,0.0,0.0,0.0,0.0
особо,0.0,0.0,0.0,0.0,0.0,0.0,1.0,0.0,1.0
ост,0.0,1.0,0.0,0.0,0.0,0.0,1.0,0.0,0.0
оста,0.0,1.0,0.0,0.0,0.0,0.0,0.0,0.0,0.0
оставить,1.0,0.0,1.0,1.0,0.0,1.0,3.0,2.0,0.0
оставлять,0.0,0.0,0.0,0.0,0.0,0.0,0.0,0.0,1.0
осталось,0.0,0.0,0.0,0.0,0.0,0.0,0.0,1.0,0.0
остан,0.0,0.0,0.0,0.0,0.0,0.0,0.0,1.0,0.0
останавливаться,0.0,0.0,0.0,0.0,0.0,0.0,0.0,1.0,0.0
остановиться,0.0,4.0,0.0,0.0,5.0,0.0,0.0,1.0,0.0
остановка,0.0,21.0,0.0,0.0,27.0,0.0,0.0,38.0,0.0
остаться,1.0,0.0,0.0,0.0,0.0,0.0,1.0,0.0,3.0
осторожно,0.0,0.0,0.0,0.0,0.0,1.0,0.0,0.0,0.0
осторожный,1.0,0.0,0.0,0.0,0.0,0.0,0.0,0.0,0.0
острый,0.0,0.0,0.0,0.0,0.0,0.0,0.0,2.0,0.0
от,2.0,6.0,5.0,4.0,35.0,7.0,5.0,26.0,3.0
отвести,0.0,0.0,0.0,0.0,0.0,0.0,2.0,0.0,0.0
отдавать,0.0,0.0,0.0,1.0,0.0,0.0,0.0,0.0,0.0
отдать,1.0,0.0,0.0,0.0,0.0,1.0,0.0,0.0,0.0
отец,0.0,0.0,0.0,13.0,0.0,0.0,5.0,0.0,0.0
открывать,0.0,0.0,1.0,0.0,0.0,5.0,0.0,0.0,1.0
открыть,0.0,0.0,8.0,0.0,2.0,8.0,0.0,0.0,17.0
откуда,1.0,0.0,0.0,0.0,0.0,0.0,2.0,0.0,0.0
откусить,0.0,0.0,2.0,0.0,0.0,0.0,0.0,0.0,0.0
отличаться,1.0,0.0,0.0,0.0,0.0,0.0,0.0,0.0,0.0
отнести,1.0,0.0,0.0,0.0,0.0,0.0,1.0,0.0,0.0
отодвигать,0.0,0.0,0.0,0.0,0.0,0.0,0.0,0.0,1.0
отойти,0.0,0.0,0.0,0.0,0.0,0.0,1.0,0.0,0.0
отпускать,3.0,0.0,0.0,0.0,0.0,0.0,3.0,0.0,0.0
отпустить,8.0,0.0,1.0,38.0,0.0,0.0,24.0,0.0,0.0
отрава,0.0,0.0,0.0,0.0,0.0,0.0,0.0,0.0,1.0
отрезать,3.0,0.0,0.0,1.0,0.0,0.0,0.0,0.0,0.0
отсюда,0.0,1.0,0.0,0.0,4.0,0.0,0.0,1.0,0.0
отсюдова,0.0,0.0,0.0,0.0,0.0,0.0,0.0,1.0,0.0
оттуда,1.0,0.0,0.0,0.0,0.0,0.0,0.0,2.0,0.0
оттудова,0.0,0.0,0.0,0.0,2.0,0.0,0.0,0.0,0.0
оттянуть,0.0,0.0,0.0,0.0,0.0,0.0,0.0,0.0,1.0
оценка,0.0,0.0,0.0,0.0,1.0,0.0,1.0,0.0,0.0
очень,1.0,1.0,2.0,9.0,4.0,5.0,22.0,3.0,9.0
очередность,0.0,0.0,0.0,1.0,0.0,0.0,0.0,0.0,0.0
п,1.0,0.0,0.0,1.0,0.0,0.0,0.0,0.0,0.0
па,0.0,0.0,0.0,2.0,1.0,2.0,1.0,0.0,0.0
палец,0.0,0.0,0.0,0.0,0.0,0.0,0.0,1.0,0.0
палка,1.0,1.0,0.0,1.0,0.0,0.0,0.0,0.0,0.0
папа,60.0,0.0,0.0,64.0,0.0,1.0,69.0,0.0,0.0
пара,0.0,0.0,0.0,0.0,0.0,1.0,2.0,1.0,0.0
параллельно,0.0,0.0,0.0,0.0,3.0,0.0,0.0,4.0,0.0
парк,0.0,0.0,0.0,0.0,0.0,0.0,2.0,0.0,0.0
пасть,0.0,0.0,1.0,0.0,0.0,0.0,0.0,0.0,0.0
пахать,0.0,0.0,0.0,1.0,0.0,0.0,0.0,0.0,0.0
пе,0.0,0.0,0.0,1.0,0.0,0.0,0.0,1.0,0.0
пельмень,0.0,0.0,0.0,0.0,0.0,3.0,0.0,0.0,0.0
первая,0.0,0.0,0.0,0.0,0.0,0.0,1.0,0.0,0.0
первое,0.0,0.0,0.0,0.0,0.0,0.0,1.0,0.0,0.0
первой,0.0,0.0,0.0,1.0,0.0,0.0,0.0,1.0,1.0
первую,0.0,0.0,0.0,1.0,0.0,2.0,0.0,0.0,4.0
первый,0.0,0.0,0.0,3.0,0.0,0.0,2.0,0.0,2.0
пере,0.0,0.0,0.0,0.0,0.0,0.0,0.0,0.0,1.0
переворачивать,0.0,0.0,0.0,0.0,0.0,0.0,0.0,1.0,0.0
перед,0.0,0.0,0.0,0.0,10.0,0.0,1.0,21.0,3.0
перенести,0.0,0.0,0.0,0.0,0.0,0.0,1.0,0.0,0.0
переулок,0.0,1.0,0.0,0.0,0.0,0.0,1.0,0.0,0.0
переход,0.0,0.0,0.0,0.0,0.0,1.0,0.0,0.0,0.0
пес,0.0,0.0,0.0,0.0,0.0,0.0,0.0,0.0,4.0
песик,0.0,0.0,0.0,0.0,0.0,0.0,0.0,0.0,1.0
петух,0.0,0.0,0.0,1.0,0.0,0.0,0.0,0.0,0.0
петь,1.0,0.0,0.0,1.0,0.0,0.0,1.0,0.0,0.0
петя,3.0,0.0,0.0,6.0,0.0,0.0,0.0,0.0,0.0
печально,0.0,0.0,0.0,1.0,0.0,0.0,2.0,0.0,0.0
печальный,0.0,0.0,0.0,0.0,0.0,0.0,1.0,0.0,0.0
печка,0.0,0.0,0.0,2.0,0.0,0.0,0.0,0.0,0.0
печь,1.0,0.0,0.0,0.0,0.0,0.0,0.0,0.0,0.0
пират,0.0,1.0,0.0,0.0,0.0,0.0,0.0,0.0,0.0
писать,0.0,0.0,0.0,2.0,0.0,0.0,2.0,0.0,0.0
пк,0.0,0.0,0.0,0.0,0.0,0.0,0.0,0.0,1.0
плавать,0.0,0.0,1.0,1.0,0.0,0.0,3.0,0.0,0.0
плакать,12.0,0.0,2.0,26.0,0.0,2.0,18.0,0.0,0.0
план,0.0,0.0,0.0,0.0,0.0,0.0,0.0,0.0,1.0
платить,0.0,0.0,0.0,1.0,0.0,0.0,0.0,0.0,0.0
платье,1.0,0.0,0.0,0.0,0.0,0.0,0.0,0.0,0.0
плохо,1.0,0.0,0.0,1.0,2.0,1.0,1.0,0.0,0.0
плыть,0.0,1.0,0.0,0.0,0.0,0.0,1.0,0.0,0.0
по,5.0,25.0,17.0,5.0,21.0,14.0,2.0,31.0,16.0
побеждать,0.0,0.0,0.0,0.0,0.0,0.0,1.0,0.0,0.0
побить,3.0,0.0,0.0,0.0,0.0,0.0,0.0,0.0,0.0
повезти,1.0,0.0,0.0,2.0,0.0,0.0,0.0,0.0,0.0
поверить,0.0,0.0,0.0,1.0,0.0,0.0,0.0,0.0,0.0
повернуть,0.0,5.0,0.0,0.0,8.0,0.0,0.0,8.0,0.0
повернуться,0.0,0.0,0.0,0.0,1.0,0.0,0.0,7.0,0.0
пово,0.0,0.0,0.0,0.0,0.0,0.0,0.0,0.0,1.0
поворачивать,0.0,1.0,0.0,0.0,16.0,0.0,0.0,23.0,0.0
поворот,0.0,0.0,0.0,0.0,1.0,0.0,0.0,2.0,0.0
погибать,0.0,0.0,0.0,0.0,0.0,0.0,1.0,0.0,0.0
погибнуть,0.0,0.0,0.0,0.0,0.0,0.0,2.0,0.0,0.0
погладить,0.0,0.0,1.0,0.0,0.0,0.0,0.0,0.0,0.0
поговорить,0.0,0.0,0.0,0.0,0.0,1.0,1.0,0.0,0.0
под,0.0,0.0,2.0,0.0,1.0,0.0,0.0,5.0,0.0
подарить,0.0,0.0,3.0,0.0,0.0,0.0,0.0,0.0,0.0
подвинуть,0.0,0.0,1.0,0.0,0.0,0.0,0.0,0.0,0.0
подглядывать,0.0,0.0,0.0,0.0,1.0,0.0,0.0,0.0,0.0
поделать,0.0,0.0,0.0,2.0,0.0,0.0,0.0,0.0,0.0
поделить,0.0,0.0,0.0,0.0,0.0,0.0,0.0,0.0,1.0
поделиться,0.0,0.0,0.0,0.0,0.0,0.0,0.0,1.0,0.0
поднимать,0.0,0.0,0.0,0.0,0.0,1.0,0.0,0.0,0.0
подниматься,0.0,2.0,0.0,0.0,0.0,0.0,0.0,1.0,0.0
поднимиться,0.0,0.0,0.0,0.0,0.0,0.0,0.0,1.0,0.0
поднять,0.0,0.0,0.0,0.0,0.0,0.0,0.0,0.0,2.0
подняться,0.0,2.0,0.0,0.0,0.0,0.0,0.0,0.0,0.0
подобный,0.0,2.0,0.0,0.0,1.0,0.0,0.0,0.0,0.0
подождать,2.0,0.0,0.0,2.0,2.0,1.0,0.0,0.0,0.0
подойти,0.0,1.0,0.0,0.0,0.0,1.0,0.0,0.0,1.0
подруга,0.0,0.0,0.0,0.0,0.0,0.0,2.0,0.0,0.0
подружить,0.0,0.0,0.0,1.0,0.0,0.0,0.0,0.0,0.0
подружка,0.0,0.0,0.0,1.0,0.0,0.0,0.0,0.0,0.0
подсказка,0.0,0.0,0.0,0.0,0.0,0.0,0.0,1.0,0.0
подумать,0.0,0.0,5.0,3.0,0.0,12.0,5.0,1.0,6.0
подходить,0.0,0.0,0.0,0.0,0.0,2.0,0.0,0.0,0.0
поесть,0.0,0.0,0.0,3.0,0.0,0.0,1.0,0.0,1.0
поехать,0.0,1.0,0.0,3.0,1.0,0.0,1.0,0.0,0.0
пож,1.0,0.0,0.0,0.0,0.0,0.0,0.0,0.0,0.0
пожалеть,1.0,0.0,0.0,1.0,0.0,0.0,1.0,0.0,0.0
пожалуйста,0.0,1.0,0.0,3.0,1.0,1.0,0.0,0.0,1.0
пожарить,0.0,0.0,0.0,1.0,0.0,0.0,1.0,0.0,0.0
пожелать,0.0,0.0,0.0,0.0,0.0,0.0,2.0,0.0,0.0
пожениться,1.0,0.0,0.0,0.0,0.0,0.0,0.0,0.0,0.0
пожрать,0.0,0.0,0.0,1.0,0.0,0.0,0.0,0.0,0.0
поза,1.0,0.0,0.0,0.0,0.0,0.0,0.0,0.0,0.0
позвонить,0.0,0.0,0.0,1.0,0.0,0.0,0.0,0.0,0.0
поздно,0.0,0.0,0.0,0.0,0.0,0.0,1.0,0.0,0.0
пойма,2.0,0.0,0.0,0.0,0.0,0.0,0.0,0.0,0.0
поймать,37.0,0.0,4.0,28.0,0.0,0.0,30.0,0.0,0.0
пойти,22.0,5.0,13.0,49.0,17.0,6.0,35.0,12.0,3.0
пока,1.0,1.0,1.0,0.0,6.0,1.0,2.0,6.0,0.0
показ,0.0,0.0,0.0,0.0,0.0,0.0,0.0,1.0,0.0
показать,1.0,0.0,0.0,0.0,0.0,0.0,2.0,0.0,0.0
показывать,0.0,0.0,0.0,0.0,1.0,0.0,0.0,0.0,0.0
покой,0.0,0.0,0.0,0.0,0.0,0.0,0.0,1.0,0.0
покупать,1.0,0.0,0.0,0.0,0.0,0.0,0.0,0.0,0.0
покушать,1.0,0.0,0.0,5.0,0.0,1.0,3.0,0.0,1.0
пол,0.0,0.0,0.0,0.0,1.0,7.0,0.0,0.0,2.0
полететь,0.0,0.0,1.0,0.0,0.0,0.0,0.0,0.0,0.0
полка,0.0,0.0,0.0,0.0,0.0,0.0,0.0,0.0,6.0
полностью,0.0,0.0,0.0,0.0,0.0,1.0,0.0,2.0,0.0
полный,0.0,0.0,0.0,0.0,0.0,0.0,0.0,2.0,0.0
поло,0.0,0.0,0.0,1.0,0.0,1.0,0.0,0.0,0.0
половина,0.0,0.0,0.0,0.0,3.0,1.0,0.0,0.0,0.0
половить,0.0,0.0,0.0,1.0,0.0,0.0,0.0,0.0,0.0
положение,0.0,0.0,0.0,0.0,0.0,0.0,0.0,1.0,0.0
положить,7.0,0.0,3.0,6.0,0.0,2.0,3.0,0.0,4.0
полукруг,0.0,0.0,0.0,0.0,1.0,0.0,0.0,0.0,0.0
получать,0.0,0.0,0.0,0.0,0.0,2.0,1.0,0.0,1.0
получаться,0.0,0.0,0.0,0.0,0.0,0.0,1.0,0.0,0.0
получить,0.0,0.0,1.0,3.0,0.0,2.0,0.0,0.0,2.0
получиться,1.0,0.0,1.0,0.0,0.0,0.0,3.0,0.0,0.0
полька,0.0,0.0,0.0,0.0,0.0,1.0,0.0,0.0,0.0
помещение,0.0,0.0,0.0,0.0,0.0,0.0,0.0,1.0,0.0
помнить,1.0,1.0,0.0,3.0,0.0,0.0,7.0,0.0,0.0
помогать,0.0,0.0,0.0,0.0,0.0,0.0,1.0,0.0,0.0
помочь,1.0,0.0,0.0,0.0,0.0,0.0,1.0,0.0,0.0
понести,1.0,0.0,0.0,0.0,0.0,0.0,0.0,0.0,0.0
понимать,0.0,0.0,0.0,1.0,2.0,1.0,1.0,0.0,2.0
понравиться,0.0,0.0,0.0,0.0,0.0,2.0,0.0,0.0,0.0
понятно,0.0,0.0,0.0,0.0,0.0,0.0,1.0,0.0,0.0
понять,0.0,0.0,2.0,0.0,0.0,5.0,9.0,0.0,4.0
попасть,1.0,0.0,0.0,0.0,2.0,0.0,0.0,0.0,0.0
попасться,0.0,0.0,0.0,0.0,0.0,0.0,1.0,0.0,0.0
поплакать,0.0,0.0,2.0,0.0,0.0,0.0,0.0,0.0,0.0
поплыть,1.0,0.0,0.0,1.0,0.0,0.0,1.0,0.0,0.0
попросить,0.0,0.0,0.0,5.0,0.0,0.0,2.0,0.0,0.0
пора,0.0,0.0,0.0,0.0,1.0,0.0,1.0,1.0,0.0
порезать,5.0,0.0,0.0,1.0,0.0,0.0,3.0,0.0,0.0
порода,0.0,0.0,0.0,0.0,0.0,0.0,0.0,0.0,1.0
посадить,3.0,0.0,0.0,2.0,0.0,0.0,1.0,0.0,1.0
посередине,0.0,0.0,0.0,0.0,1.0,0.0,0.0,1.0,0.0
поскольку,0.0,0.0,0.0,0.0,0.0,0.0,2.0,0.0,2.0
послать,0.0,0.0,0.0,1.0,0.0,0.0,0.0,0.0,0.0
после,0.0,2.0,0.0,0.0,2.0,0.0,2.0,6.0,0.0
последний,0.0,0.0,1.0,2.0,0.0,0.0,1.0,0.0,1.0
послушать,0.0,0.0,0.0,1.0,0.0,0.0,1.0,0.0,0.0
посмотреть,6.0,0.0,1.0,1.0,1.0,2.0,4.0,0.0,4.0
поспать,0.0,0.0,1.0,0.0,0.0,0.0,0.0,0.0,0.0
посредине,0.0,0.0,0.0,0.0,1.0,0.0,0.0,0.0,0.0
пост,0.0,0.0,0.0,0.0,0.0,1.0,0.0,0.0,0.0
постоять,1.0,0.0,0.0,0.0,0.0,0.0,0.0,0.0,0.0
поступить,1.0,0.0,0.0,1.0,0.0,0.0,2.0,0.0,0.0
пот,1.0,2.0,2.0,0.0,1.0,0.0,0.0,1.0,0.0
потерять,1.0,0.0,0.0,0.0,0.0,0.0,0.0,0.0,0.0
потечь,0.0,0.0,0.0,0.0,0.0,0.0,0.0,0.0,1.0
пото,0.0,1.0,3.0,1.0,0.0,0.0,0.0,1.0,0.0
потом,134.0,286.0,116.0,58.0,202.0,53.0,42.0,175.0,33.0
потому,8.0,1.0,14.0,12.0,0.0,9.0,17.0,0.0,20.0
потянуть,0.0,0.0,0.0,0.0,0.0,0.0,0.0,0.0,1.0
поумнеть,0.0,0.0,0.0,0.0,0.0,0.0,1.0,0.0,0.0
похоже,0.0,0.0,0.0,0.0,1.0,0.0,0.0,0.0,0.0
похожий,0.0,1.0,0.0,1.0,1.0,0.0,1.0,0.0,0.0
похудеть,0.0,0.0,0.0,0.0,0.0,1.0,0.0,0.0,0.0
поцеловать,0.0,0.0,0.0,0.0,0.0,0.0,0.0,0.0,1.0
поч,1.0,0.0,1.0,0.0,0.0,0.0,0.0,0.0,0.0
почему,5.0,1.0,1.0,0.0,0.0,0.0,5.0,0.0,3.0
почерк,0.0,0.0,0.0,0.0,1.0,0.0,0.0,0.0,0.0
почтальон,0.0,0.0,0.0,2.0,0.0,0.0,0.0,0.0,0.0
почти,3.0,1.0,0.0,0.0,2.0,0.0,1.0,5.0,0.0
поэтому,0.0,0.0,2.0,1.0,0.0,2.0,3.0,0.0,1.0
появиться,0.0,0.0,0.0,0.0,0.0,0.0,1.0,0.0,1.0
появляться,0.0,0.0,0.0,1.0,0.0,0.0,0.0,0.0,0.0
пр,0.0,1.0,0.0,0.0,0.0,0.0,0.0,0.0,0.0
прабабушка,0.0,1.0,0.0,0.0,0.0,0.0,0.0,0.0,0.0
правда,0.0,0.0,0.0,1.0,0.0,1.0,0.0,0.0,1.0
правило,0.0,0.0,0.0,0.0,1.0,0.0,0.0,0.0,0.0
правильно,0.0,0.0,0.0,0.0,1.0,0.0,0.0,2.0,0.0
правильный,0.0,0.0,0.0,2.0,1.0,0.0,0.0,1.0,0.0
право,0.0,21.0,0.0,0.0,26.0,0.0,0.0,18.0,1.0
правый,0.0,1.0,0.0,0.0,7.0,0.0,0.0,12.0,0.0
практически,0.0,0.0,0.0,0.0,0.0,1.0,1.0,0.0,0.0
превратить,0.0,0.0,0.0,1.0,0.0,0.0,0.0,0.0,0.0
предмет,0.0,0.0,0.0,0.0,0.0,0.0,0.0,0.0,1.0
предназначить,0.0,0.0,0.0,0.0,0.0,1.0,0.0,0.0,0.0
представить,0.0,0.0,0.0,1.0,0.0,1.0,0.0,0.0,1.0
представлять,0.0,0.0,0.0,0.0,0.0,3.0,1.0,0.0,1.0
при,1.0,0.0,0.0,0.0,2.0,0.0,2.0,1.0,3.0
приближаться,0.0,0.0,0.0,0.0,0.0,0.0,0.0,1.0,0.0
приблизиться,0.0,0.0,0.0,0.0,0.0,0.0,0.0,0.0,1.0
привезти,1.0,0.0,0.0,0.0,0.0,0.0,0.0,0.0,0.0
приглядеться,0.0,0.0,0.0,1.0,0.0,0.0,0.0,0.0,0.0
приготовить,0.0,0.0,0.0,1.0,0.0,0.0,6.0,0.0,0.0
придумать,0.0,0.0,0.0,0.0,0.0,3.0,0.0,0.0,4.0
приезд,0.0,0.0,0.0,0.0,0.0,0.0,1.0,0.0,0.0
приехать,0.0,1.0,0.0,0.0,0.0,0.0,1.0,1.0,0.0
приз,0.0,0.0,0.0,0.0,0.0,0.0,0.0,0.0,1.0
прийти,17.0,4.0,5.0,13.0,2.0,8.0,10.0,1.0,13.0
прийтись,0.0,0.0,0.0,0.0,0.0,0.0,1.0,0.0,0.0
прикольный,0.0,0.0,0.0,0.0,0.0,0.0,2.0,0.0,0.0
примерно,0.0,0.0,0.0,2.0,3.0,0.0,0.0,8.0,0.0
принадлежать,0.0,0.0,0.0,0.0,0.0,1.0,0.0,0.0,0.0
принести,2.0,0.0,0.0,0.0,0.0,0.0,5.0,0.0,0.0
принцесса,1.0,0.0,0.0,0.0,0.0,0.0,0.0,0.0,0.0
принцип,0.0,0.0,0.0,1.0,0.0,0.0,5.0,1.0,0.0
приоткрыть,0.0,0.0,0.0,0.0,0.0,0.0,0.0,0.0,2.0
приплыть,5.0,0.0,0.0,2.0,0.0,0.0,5.0,0.0,0.0
природа,0.0,0.0,0.0,0.0,0.0,0.0,2.0,0.0,0.0
присниться,0.0,0.0,1.0,0.0,0.0,0.0,0.0,0.0,0.0
приходить,1.0,0.0,0.0,2.0,0.0,3.0,0.0,0.0,1.0
причем,0.0,0.0,0.0,0.0,0.0,0.0,0.0,1.0,0.0
приятный,0.0,0.0,0.0,0.0,0.0,0.0,2.0,0.0,0.0
про,0.0,0.0,0.0,3.0,0.0,1.0,9.0,0.0,0.0
проверить,0.0,0.0,0.0,0.0,0.0,0.0,0.0,0.0,1.0
провернуть,0.0,1.0,0.0,0.0,0.0,0.0,0.0,0.0,0.0
провести,0.0,0.0,0.0,0.0,0.0,0.0,1.0,2.0,0.0
проводить,0.0,0.0,0.0,0.0,3.0,1.0,0.0,0.0,0.0
проглотить,0.0,0.0,0.0,0.0,0.0,0.0,1.0,0.0,0.0
продать,0.0,0.0,0.0,1.0,0.0,0.0,0.0,0.0,0.0
продвигаться,0.0,0.0,0.0,0.0,0.0,0.0,0.0,2.0,0.0
проделать,0.0,0.0,0.0,0.0,0.0,0.0,0.0,1.0,0.0
продолжение,1.0,0.0,0.0,0.0,0.0,0.0,0.0,0.0,0.0
проиграть,1.0,0.0,0.0,0.0,0.0,0.0,0.0,0.0,0.0
произойти,0.0,0.0,0.0,0.0,0.0,0.0,0.0,0.0,1.0
пройдиться,0.0,0.0,0.0,0.0,0.0,0.0,0.0,6.0,0.0
пройти,1.0,2.0,0.0,0.0,5.0,2.0,0.0,14.0,0.0
пройтись,0.0,0.0,0.0,0.0,1.0,0.0,0.0,0.0,0.0
пролезть,0.0,0.0,0.0,0.0,0.0,0.0,0.0,0.0,1.0
пролететь,0.0,1.0,0.0,0.0,0.0,0.0,0.0,0.0,0.0
пропасть,0.0,0.0,0.0,0.0,0.0,0.0,0.0,0.0,1.0
проплывать,0.0,0.0,0.0,1.0,0.0,0.0,0.0,0.0,0.0
проплыть,0.0,0.0,0.0,1.0,0.0,0.0,0.0,0.0,0.0
просить,1.0,0.0,0.0,2.0,0.0,0.0,1.0,0.0,0.0
проспект,0.0,0.0,0.0,0.0,1.0,0.0,0.0,0.0,0.0
простить,0.0,0.0,0.0,0.0,0.0,1.0,0.0,0.0,1.0
просто,2.0,2.0,1.0,1.0,8.0,1.0,11.0,15.0,6.0
простой,0.0,0.0,0.0,0.0,0.0,0.0,0.0,1.0,0.0
проходить,0.0,1.0,0.0,0.0,7.0,2.0,0.0,17.0,1.0
прочее,0.0,1.0,0.0,0.0,0.0,0.0,0.0,0.0,0.0
прочитать,0.0,0.0,0.0,0.0,0.0,1.0,1.0,0.0,0.0
пруд,1.0,0.0,0.0,0.0,0.0,0.0,1.0,0.0,0.0
прыг,0.0,0.0,1.0,0.0,0.0,0.0,0.0,0.0,0.0
прыгать,0.0,0.0,6.0,0.0,0.0,1.0,1.0,0.0,0.0
прыгнуть,0.0,0.0,2.0,0.0,0.0,1.0,3.0,0.0,0.0
прямая,0.0,0.0,0.0,0.0,6.0,0.0,0.0,0.0,0.0
прямо,0.0,24.0,3.0,2.0,46.0,1.0,1.0,67.0,1.0
прямой,0.0,0.0,0.0,0.0,0.0,0.0,0.0,1.0,0.0
пу,0.0,0.0,0.0,0.0,0.0,1.0,0.0,0.0,0.0
пункт,0.0,1.0,0.0,0.0,2.0,0.0,0.0,0.0,0.0
пустить,1.0,0.0,0.0,0.0,0.0,0.0,3.0,0.0,0.0
пусть,0.0,0.0,0.0,2.0,0.0,0.0,0.0,0.0,0.0
пустяк,0.0,0.0,0.0,0.0,0.0,0.0,0.0,0.0,1.0
путь,0.0,0.0,0.0,0.0,0.0,0.0,0.0,4.0,0.0
пытаться,0.0,0.0,0.0,0.0,0.0,0.0,1.0,0.0,0.0
пять,0.0,1.0,0.0,0.0,0.0,0.0,0.0,5.0,2.0
р,0.0,0.0,0.0,0.0,0.0,0.0,0.0,1.0,0.0
ра,1.0,0.0,0.0,0.0,0.0,0.0,1.0,0.0,0.0
работа,0.0,0.0,0.0,2.0,0.0,0.0,0.0,0.0,0.0
работать,0.0,0.0,0.0,0.0,0.0,0.0,0.0,0.0,1.0
равный,0.0,0.0,3.0,5.0,1.0,0.0,11.0,2.0,3.0
рад,0.0,0.0,1.0,0.0,0.0,0.0,2.0,0.0,0.0
радоваться,5.0,0.0,0.0,1.0,0.0,0.0,2.0,0.0,1.0
радой,0.0,0.0,0.0,0.0,0.0,0.0,4.0,0.0,0.0
радостный,0.0,0.0,0.0,0.0,0.0,1.0,0.0,0.0,1.0
радость,0.0,0.0,0.0,0.0,0.0,0.0,2.0,0.0,0.0
радый,0.0,0.0,1.0,0.0,0.0,1.0,0.0,0.0,0.0
раз,4.0,2.0,2.0,11.0,10.0,1.0,5.0,10.0,2.0
разворачиваться,0.0,0.0,0.0,0.0,0.0,0.0,0.0,6.0,0.0
разворот,0.0,0.0,0.0,0.0,0.0,0.0,0.0,1.0,0.0
разговаривать,0.0,0.0,0.0,1.0,1.0,0.0,0.0,0.0,0.0
раздать,2.0,0.0,0.0,0.0,0.0,0.0,0.0,0.0,0.0
разделать,0.0,0.0,0.0,0.0,0.0,0.0,2.0,0.0,0.0
раздражаться,0.0,0.0,0.0,0.0,0.0,0.0,0.0,0.0,1.0
разжечь,0.0,0.0,0.0,0.0,0.0,0.0,1.0,0.0,0.0
разница,0.0,0.0,0.0,1.0,0.0,0.0,1.0,0.0,0.0
разный,0.0,0.0,0.0,0.0,0.0,0.0,0.0,0.0,1.0
разодрать,0.0,0.0,0.0,0.0,0.0,1.0,0.0,0.0,0.0
разозлиться,0.0,0.0,0.0,1.0,0.0,0.0,0.0,0.0,2.0
разрезать,3.0,0.0,0.0,4.0,0.0,0.0,1.0,0.0,0.0
разрешать,0.0,0.0,1.0,0.0,0.0,0.0,0.0,0.0,0.0
разрешить,0.0,0.0,0.0,1.0,0.0,0.0,1.0,0.0,0.0
район,0.0,0.0,0.0,0.0,0.0,0.0,1.0,0.0,0.0
рано,0.0,0.0,0.0,0.0,0.0,0.0,1.0,0.0,0.0
раньше,0.0,0.0,0.0,0.0,0.0,0.0,1.0,0.0,0.0
расплакаться,0.0,0.0,0.0,1.0,0.0,0.0,0.0,0.0,0.0
рассердиться,1.0,0.0,2.0,1.0,0.0,0.0,0.0,0.0,1.0
рассказ,0.0,0.0,0.0,0.0,0.0,0.0,2.0,0.0,0.0
рассказать,0.0,0.0,0.0,1.0,0.0,1.0,2.0,0.0,1.0
рассказывать,0.0,0.0,0.0,0.0,0.0,0.0,0.0,1.0,0.0
расстояние,0.0,0.0,0.0,0.0,0.0,0.0,0.0,2.0,0.0
расстроенно,0.0,0.0,0.0,0.0,0.0,0.0,1.0,0.0,0.0
расстроенный,0.0,0.0,0.0,1.0,0.0,0.0,0.0,0.0,0.0
расстроить,0.0,0.0,1.0,0.0,0.0,0.0,2.0,0.0,0.0
расстроиться,0.0,0.0,0.0,9.0,0.0,0.0,4.0,0.0,0.0
рать,0.0,0.0,1.0,0.0,0.0,0.0,0.0,0.0,0.0
ре,2.0,0.0,0.0,0.0,0.0,0.0,0.0,0.0,0.0
ребенок,0.0,0.0,0.0,4.0,0.0,0.0,2.0,0.0,0.0
редкий,0.0,0.0,0.0,0.0,0.0,0.0,1.0,0.0,0.0
резать,9.0,0.0,1.0,4.0,0.0,0.0,7.0,0.0,0.0
резко,0.0,0.0,0.0,0.0,0.0,0.0,0.0,2.0,0.0
река,2.0,0.0,0.0,0.0,0.0,0.0,5.0,0.0,0.0
речка,1.0,0.0,0.0,2.0,0.0,0.0,10.0,0.0,0.0
речь,0.0,0.0,0.0,0.0,0.0,1.0,0.0,0.0,0.0
решать,0.0,0.0,0.0,0.0,0.0,0.0,0.0,1.0,0.0
решить,1.0,0.0,0.0,2.0,0.0,0.0,7.0,0.0,4.0
решиться,0.0,0.0,0.0,0.0,0.0,0.0,1.0,0.0,0.0
ри,0.0,0.0,0.0,0.0,1.0,0.0,0.0,0.0,0.0
рисовать,0.0,0.0,0.0,0.0,1.0,0.0,0.0,0.0,0.0
ровно,0.0,0.0,0.0,0.0,1.0,0.0,0.0,3.0,0.0
ровный,0.0,0.0,0.0,0.0,0.0,0.0,0.0,3.0,0.0
род,0.0,0.0,0.0,0.0,0.0,0.0,0.0,0.0,2.0
родитель,0.0,0.0,0.0,1.0,0.0,0.0,0.0,0.0,0.0
рост,0.0,0.0,0.0,0.0,0.0,0.0,3.0,0.0,2.0
рот,0.0,0.0,1.0,1.0,0.0,0.0,0.0,0.0,2.0
рота,0.0,0.0,0.0,0.0,1.0,0.0,0.0,0.0,0.0
ротик,0.0,0.0,1.0,0.0,0.0,0.0,0.0,0.0,0.0
ругать,0.0,0.0,0.0,0.0,0.0,0.0,0.0,0.0,5.0
ругаться,0.0,0.0,0.0,1.0,0.0,2.0,0.0,0.0,2.0
рука,0.0,0.0,3.0,1.0,0.0,6.0,2.0,0.0,5.0
русский,1.0,0.0,0.0,0.0,0.0,1.0,2.0,1.0,0.0
ручка,0.0,0.0,2.0,0.0,0.0,2.0,3.0,0.0,1.0
ры,2.0,1.0,0.0,0.0,0.0,0.0,2.0,0.0,0.0
рыба,83.0,0.0,0.0,102.0,0.0,0.0,126.0,0.0,0.0
рыбалка,10.0,0.0,0.0,15.0,0.0,0.0,12.0,0.0,0.0
рыбачить,2.0,0.0,0.0,1.0,0.0,0.0,2.0,0.0,0.0
рыбка,80.0,0.0,1.0,67.0,0.0,0.0,48.0,0.0,1.0
рядом,0.0,0.0,0.0,0.0,0.0,0.0,0.0,2.0,0.0
с,17.0,8.0,4.0,40.0,17.0,10.0,41.0,32.0,13.0
са,0.0,0.0,1.0,0.0,0.0,0.0,0.0,1.0,0.0
садить,0.0,0.0,0.0,0.0,0.0,1.0,0.0,0.0,0.0
садиться,0.0,0.0,2.0,0.0,0.0,0.0,0.0,0.0,0.0
салфетка,0.0,0.0,0.0,0.0,0.0,0.0,0.0,0.0,1.0
сам,4.0,0.0,0.0,5.0,0.0,1.0,4.0,0.0,2.0
самолет,0.0,0.0,0.0,0.0,0.0,0.0,0.0,1.0,0.0
самый,0.0,0.0,0.0,2.0,3.0,0.0,2.0,1.0,5.0
сантиметр,0.0,1.0,0.0,0.0,2.0,0.0,0.0,17.0,0.0
сарай,0.0,0.0,0.0,0.0,1.0,0.0,0.0,0.0,0.0
сахарный,0.0,0.0,0.0,1.0,0.0,0.0,0.0,0.0,0.0
сачок,0.0,0.0,0.0,0.0,0.0,0.0,4.0,0.0,0.0
саша,3.0,0.0,0.0,0.0,0.0,0.0,1.0,0.0,0.0
сбежать,1.0,0.0,0.0,0.0,0.0,0.0,0.0,0.0,0.0
сбоку,0.0,2.0,0.0,0.0,0.0,0.0,0.0,0.0,0.0
сбросить,1.0,0.0,0.0,0.0,0.0,0.0,1.0,0.0,0.0
сбыться,0.0,0.0,0.0,0.0,0.0,0.0,2.0,0.0,0.0
свалиться,0.0,0.0,2.0,0.0,0.0,0.0,0.0,0.0,0.0
сварить,0.0,0.0,0.0,3.0,0.0,0.0,0.0,0.0,0.0
свежий,0.0,0.0,0.0,0.0,0.0,0.0,1.0,0.0,0.0
свернуть,0.0,0.0,0.0,0.0,5.0,0.0,0.0,0.0,0.0
сверху,0.0,0.0,0.0,0.0,1.0,0.0,0.0,0.0,0.0
светить,0.0,0.0,0.0,0.0,0.0,0.0,0.0,1.0,0.0
свобода,0.0,0.0,0.0,0.0,0.0,0.0,1.0,0.0,0.0
свой,2.0,1.0,2.0,6.0,0.0,1.0,4.0,1.0,3.0
сворачивать,0.0,0.0,0.0,0.0,0.0,0.0,0.0,1.0,0.0
сдать,0.0,0.0,0.0,1.0,0.0,0.0,0.0,0.0,1.0
сделать,4.0,7.0,3.0,13.0,6.0,11.0,7.0,4.0,6.0
се,0.0,0.0,0.0,0.0,0.0,2.0,0.0,0.0,0.0
себе,0.0,0.0,1.0,1.0,0.0,0.0,3.0,0.0,0.0
себя,1.0,0.0,1.0,8.0,0.0,7.0,9.0,3.0,3.0
сегодня,0.0,0.0,0.0,0.0,0.0,1.0,0.0,0.0,0.0
сей,0.0,0.0,0.0,1.0,0.0,0.0,1.0,0.0,0.0
сейчас,1.0,3.0,4.0,3.0,12.0,2.0,4.0,17.0,6.0
секунда,0.0,0.0,1.0,0.0,0.0,0.0,0.0,0.0,0.0
секундочка,0.0,0.0,0.0,0.0,0.0,0.0,0.0,2.0,0.0
село,0.0,0.0,0.0,1.0,0.0,1.0,0.0,0.0,0.0
семь,0.0,0.0,0.0,0.0,0.0,0.0,2.0,0.0,0.0
семья,0.0,0.0,0.0,0.0,0.0,0.0,1.0,0.0,0.0
сено,0.0,0.0,0.0,0.0,1.0,0.0,0.0,0.0,0.0
сердце,0.0,0.0,0.0,0.0,0.0,0.0,1.0,0.0,0.0
серебряный,0.0,0.0,0.0,3.0,0.0,0.0,0.0,0.0,0.0
середина,0.0,1.0,0.0,0.0,3.0,0.0,0.0,0.0,0.0
сертификат,0.0,0.0,0.0,0.0,0.0,0.0,0.0,0.0,1.0
серый,0.0,0.0,0.0,1.0,0.0,0.0,2.0,0.0,0.0
сесть,0.0,0.0,0.0,0.0,0.0,1.0,0.0,0.0,0.0
сидеть,1.0,0.0,1.0,1.0,0.0,2.0,0.0,0.0,0.0
сильно,0.0,0.0,1.0,2.0,0.0,2.0,2.0,0.0,3.0
сильный,0.0,0.0,0.0,0.0,0.0,0.0,1.0,0.0,0.0
синий,0.0,0.0,0.0,0.0,1.0,0.0,0.0,5.0,0.0
сир,0.0,0.0,0.0,0.0,0.0,0.0,0.0,1.0,0.0
ситуация,0.0,0.0,0.0,0.0,0.0,1.0,4.0,0.0,0.0
ск,0.0,0.0,0.0,0.0,0.0,1.0,0.0,0.0,0.0
ска,0.0,1.0,0.0,0.0,0.0,0.0,0.0,0.0,0.0
скажем,0.0,0.0,0.0,1.0,0.0,0.0,0.0,3.0,3.0
сказать,26.0,1.0,11.0,32.0,7.0,10.0,15.0,17.0,3.0
сказка,1.0,0.0,2.0,6.0,0.0,0.0,6.0,0.0,0.0
скала,0.0,3.0,0.0,0.0,3.0,0.0,0.0,0.0,0.0
скелет,0.0,0.0,1.0,0.0,0.0,0.0,0.0,0.0,0.0
скинуть,0.0,0.0,0.0,2.0,0.0,0.0,0.0,0.0,0.0
склад,0.0,0.0,0.0,0.0,0.0,0.0,0.0,0.0,1.0
скорее,0.0,0.0,0.0,0.0,0.0,0.0,1.0,0.0,0.0
скоро,0.0,0.0,0.0,1.0,0.0,0.0,0.0,0.0,0.0
скорый,0.0,0.0,0.0,0.0,0.0,0.0,0.0,0.0,1.0
скучать,0.0,0.0,0.0,0.0,0.0,0.0,0.0,0.0,1.0
скучно,0.0,0.0,0.0,0.0,0.0,1.0,0.0,0.0,0.0
скушать,8.0,0.0,4.0,7.0,0.0,2.0,2.0,0.0,4.0
сладкий,0.0,0.0,0.0,0.0,0.0,0.0,0.0,0.0,1.0
слева,0.0,0.0,0.0,0.0,8.0,0.0,0.0,9.0,1.0
слегка,0.0,4.0,1.0,0.0,5.0,0.0,0.0,0.0,0.0
следующий,0.0,0.0,0.0,0.0,0.0,0.0,0.0,0.0,2.0
слеза,0.0,0.0,0.0,0.0,0.0,0.0,1.0,0.0,0.0
слишком,2.0,0.0,0.0,0.0,0.0,0.0,0.0,0.0,0.0
словить,0.0,0.0,0.0,1.0,0.0,0.0,1.0,0.0,0.0
слово,0.0,0.0,0.0,0.0,0.0,1.0,1.0,1.0,0.0
сложиться,0.0,0.0,0.0,0.0,0.0,0.0,2.0,0.0,0.0
случайно,0.0,0.0,0.0,0.0,0.0,2.0,0.0,0.0,0.0
случаться,0.0,0.0,0.0,1.0,0.0,0.0,0.0,0.0,0.0
случиться,1.0,0.0,0.0,1.0,0.0,1.0,3.0,0.0,0.0
слушать,0.0,0.0,0.0,0.0,1.0,0.0,1.0,0.0,0.0
слышать,0.0,0.0,0.0,0.0,0.0,0.0,3.0,0.0,0.0
слюнки,0.0,0.0,0.0,0.0,0.0,0.0,0.0,0.0,1.0
смеяться,0.0,0.0,0.0,0.0,1.0,3.0,0.0,0.0,0.0
смотреть,7.0,1.0,3.0,11.0,5.0,3.0,11.0,5.0,4.0
смочь,0.0,0.0,2.0,0.0,0.0,1.0,1.0,0.0,11.0
смысл,0.0,0.0,0.0,0.0,0.0,0.0,0.0,1.0,0.0
снаружи,0.0,0.0,0.0,0.0,0.0,0.0,0.0,1.0,0.0
сначала,0.0,9.0,2.0,3.0,8.0,2.0,5.0,6.0,5.0
снова,0.0,0.0,0.0,0.0,0.0,0.0,3.0,6.0,0.0
снуть,0.0,0.0,0.0,0.0,0.0,0.0,1.0,0.0,0.0
снять,0.0,0.0,0.0,0.0,0.0,1.0,1.0,0.0,0.0
со,2.0,9.0,7.0,4.0,5.0,5.0,3.0,6.0,4.0
собака,0.0,0.0,13.0,0.0,0.0,38.0,0.0,0.0,43.0
собачка,0.0,0.0,28.0,0.0,0.0,17.0,0.0,0.0,32.0
собачок,0.0,0.0,0.0,0.0,0.0,1.0,0.0,0.0,4.0
собираться,0.0,0.0,1.0,0.0,0.0,0.0,0.0,0.0,0.0
собраться,0.0,0.0,0.0,0.0,0.0,0.0,0.0,0.0,1.0
совесть,0.0,0.0,0.0,0.0,0.0,0.0,0.0,0.0,1.0
совсем,3.0,4.0,0.0,0.0,4.0,0.0,0.0,4.0,0.0
согласиться,0.0,0.0,0.0,1.0,0.0,0.0,0.0,0.0,0.0
сожаление,0.0,0.0,0.0,0.0,0.0,0.0,2.0,0.0,0.0
сожрать,0.0,0.0,0.0,1.0,0.0,0.0,0.0,0.0,0.0
солнце,0.0,10.0,0.0,0.0,28.0,0.0,0.0,28.0,0.0
солнышко,0.0,4.0,0.0,0.0,2.0,0.0,0.0,3.0,0.0
соответственно,0.0,0.0,0.0,0.0,0.0,0.0,1.0,0.0,3.0
сорок,0.0,0.0,0.0,0.0,0.0,0.0,0.0,1.0,0.0
сосать,0.0,0.0,1.0,0.0,0.0,2.0,0.0,0.0,0.0
сосед,0.0,0.0,0.0,0.0,0.0,0.0,2.0,0.0,0.0
сосиска,0.0,1.0,22.0,0.0,1.0,22.0,0.0,3.0,12.0
спасибо,0.0,3.0,0.0,0.0,3.0,1.0,0.0,1.0,0.0
спасти,2.0,0.0,0.0,0.0,1.0,0.0,2.0,0.0,0.0
спать,0.0,0.0,2.0,1.0,0.0,0.0,0.0,0.0,0.0
сперва,2.0,0.0,0.0,1.0,3.0,1.0,0.0,4.0,2.0
спеть,0.0,0.0,0.0,1.0,0.0,0.0,0.0,0.0,0.0
спина,0.0,0.0,0.0,0.0,0.0,0.0,1.0,0.0,0.0
спокойно,0.0,0.0,0.0,0.0,0.0,0.0,2.0,0.0,0.0
спорт,0.0,0.0,0.0,0.0,0.0,1.0,0.0,0.0,0.0
спортивный,0.0,0.0,0.0,0.0,0.0,0.0,2.0,0.0,0.0
способ,0.0,0.0,0.0,0.0,0.0,0.0,0.0,0.0,2.0
спр,0.0,0.0,0.0,0.0,1.0,0.0,0.0,2.0,0.0
справа,0.0,2.0,0.0,0.0,3.0,0.0,0.0,2.0,1.0
справиться,0.0,0.0,0.0,0.0,0.0,1.0,0.0,0.0,0.0
спрашивать,0.0,0.0,0.0,0.0,0.0,2.0,0.0,0.0,2.0
спросить,1.0,0.0,2.0,1.0,0.0,1.0,0.0,0.0,1.0
спрыгнуть,0.0,0.0,0.0,0.0,0.0,1.0,0.0,0.0,0.0
спрятать,1.0,0.0,0.0,0.0,0.0,2.0,0.0,0.0,0.0
спть,0.0,0.0,0.0,1.0,0.0,0.0,0.0,0.0,0.0
спускать,1.0,0.0,0.0,0.0,0.0,0.0,0.0,0.0,0.0
спускаться,0.0,0.0,0.0,0.0,2.0,0.0,0.0,0.0,0.0
спуститься,0.0,0.0,0.0,0.0,0.0,0.0,0.0,1.0,1.0
спустя,0.0,0.0,0.0,0.0,0.0,0.0,1.0,0.0,1.0
ср,0.0,0.0,0.0,0.0,1.0,0.0,0.0,0.0,0.0
сравнить,0.0,0.0,0.0,0.0,0.0,0.0,1.0,0.0,0.0
сразу,0.0,0.0,0.0,5.0,6.0,2.0,3.0,1.0,5.0
средний,0.0,0.0,0.0,0.0,0.0,0.0,2.0,0.0,0.0
срезать,1.0,0.0,0.0,0.0,0.0,0.0,2.0,0.0,0.0
становиться,0.0,0.0,0.0,0.0,0.0,0.0,0.0,0.0,1.0
станция,0.0,0.0,0.0,0.0,3.0,0.0,0.0,10.0,0.0
стараться,0.0,0.0,0.0,0.0,0.0,0.0,2.0,0.0,0.0
старик,1.0,0.0,0.0,2.0,0.0,0.0,0.0,0.0,0.0
старт,0.0,2.0,0.0,0.0,5.0,0.0,0.0,8.0,0.0
старуха,1.0,0.0,0.0,2.0,0.0,0.0,0.0,0.0,0.0
старый,0.0,0.0,0.0,2.0,0.0,0.0,0.0,0.0,0.0
стать,3.0,0.0,3.0,2.0,0.0,3.0,15.0,0.0,3.0
статья,0.0,0.0,0.0,0.0,0.0,0.0,0.0,2.0,0.0
стеклянный,1.0,0.0,0.0,0.0,0.0,0.0,0.0,0.0,0.0
стена,0.0,0.0,0.0,0.0,1.0,0.0,0.0,0.0,0.0
стереть,0.0,0.0,0.0,0.0,0.0,0.0,0.0,1.0,0.0
сти,0.0,0.0,0.0,0.0,0.0,0.0,1.0,0.0,0.0
стирать,1.0,0.0,0.0,0.0,0.0,0.0,0.0,0.0,0.0
стих,3.0,0.0,0.0,0.0,0.0,0.0,0.0,0.0,0.0
сто,1.0,0.0,0.0,0.0,0.0,0.0,0.0,0.0,0.0
стоить,0.0,0.0,0.0,0.0,1.0,1.0,1.0,3.0,0.0
стол,0.0,0.0,2.0,2.0,0.0,7.0,3.0,0.0,1.0
столик,0.0,0.0,0.0,0.0,0.0,1.0,0.0,0.0,0.0
столовый,0.0,0.0,0.0,0.0,0.0,0.0,0.0,1.0,0.0
столько,0.0,0.0,0.0,0.0,0.0,0.0,1.0,0.0,0.0
стоп,0.0,1.0,0.0,0.0,1.0,0.0,0.0,1.0,0.0
сторона,0.0,0.0,0.0,2.0,17.0,3.0,0.0,50.0,1.0
стоять,0.0,0.0,0.0,0.0,2.0,1.0,1.0,5.0,0.0
страница,0.0,1.0,0.0,1.0,0.0,0.0,2.0,0.0,2.0
странно,0.0,0.0,0.0,0.0,0.0,0.0,0.0,1.0,3.0
странный,0.0,0.0,0.0,0.0,0.0,0.0,0.0,1.0,1.0
страшно,0.0,0.0,0.0,0.0,1.0,1.0,0.0,0.0,0.0
страшный,0.0,0.0,1.0,0.0,0.0,2.0,0.0,0.0,0.0
студент,0.0,0.0,0.0,0.0,0.0,0.0,0.0,0.0,1.0
стул,0.0,0.0,2.0,0.0,0.0,7.0,0.0,0.0,0.0
стульчик,0.0,0.0,1.0,0.0,0.0,0.0,0.0,0.0,0.0
ступень,0.0,0.0,1.0,0.0,0.0,0.0,0.0,0.0,0.0
ступенька,0.0,0.0,4.0,0.0,0.0,3.0,0.0,0.0,0.0
сть,0.0,0.0,0.0,1.0,0.0,0.0,0.0,0.0,1.0
судьба,0.0,0.0,0.0,0.0,0.0,0.0,1.0,0.0,0.0
суть,0.0,0.0,0.0,0.0,0.0,0.0,0.0,0.0,1.0
схватить,0.0,0.0,1.0,0.0,0.0,1.0,1.0,0.0,0.0
счастливо,0.0,0.0,0.0,0.0,0.0,0.0,0.0,0.0,1.0
счастливый,1.0,0.0,0.0,0.0,0.0,0.0,0.0,0.0,1.0
счет,0.0,0.0,0.0,0.0,0.0,0.0,0.0,0.0,1.0
считать,0.0,0.0,0.0,0.0,0.0,0.0,1.0,0.0,0.0
съедать,0.0,0.0,0.0,0.0,0.0,0.0,0.0,0.0,1.0
съесть,28.0,0.0,12.0,30.0,1.0,24.0,45.0,0.0,27.0
сын,9.0,0.0,0.0,29.0,0.0,0.0,38.0,0.0,0.0
сынок,4.0,0.0,0.0,1.0,0.0,0.0,0.0,0.0,0.0
сыночек,0.0,0.0,0.0,0.0,0.0,0.0,1.0,0.0,0.0
сыр,0.0,16.0,0.0,4.0,30.0,0.0,0.0,32.0,0.0
сырый,0.0,0.0,0.0,0.0,1.0,0.0,0.0,1.0,0.0
сюда,0.0,0.0,0.0,1.0,0.0,0.0,0.0,0.0,0.0
ся,0.0,0.0,0.0,0.0,1.0,0.0,0.0,0.0,0.0
тайный,0.0,1.0,0.0,0.0,0.0,0.0,0.0,0.0,0.0
так,41.0,79.0,24.0,19.0,58.0,17.0,64.0,67.0,41.0
такое,0.0,1.0,0.0,1.0,0.0,0.0,0.0,0.0,0.0
такой,26.0,19.0,12.0,17.0,13.0,11.0,24.0,15.0,17.0
там,38.0,35.0,18.0,21.0,48.0,12.0,48.0,46.0,12.0
танцевать,0.0,0.0,0.0,0.0,0.0,0.0,1.0,0.0,0.0
тарелка,0.0,0.0,3.0,0.0,0.0,5.0,0.0,0.0,5.0
тарелочка,0.0,0.0,0.0,0.0,0.0,1.0,0.0,0.0,0.0
тать,0.0,0.0,0.0,0.0,0.0,1.0,0.0,0.0,0.0
твой,1.0,1.0,0.0,1.0,0.0,0.0,0.0,3.0,0.0
те,0.0,0.0,0.0,1.0,0.0,0.0,0.0,1.0,1.0
телевидение,0.0,0.0,0.0,0.0,0.0,0.0,1.0,0.0,0.0
теперь,2.0,7.0,0.0,3.0,3.0,2.0,1.0,13.0,0.0
тест,0.0,0.0,0.0,0.0,0.0,1.0,0.0,0.0,0.0
тетя,0.0,0.0,0.0,0.0,0.0,1.0,0.0,0.0,0.0
ти,0.0,0.0,1.0,0.0,0.0,0.0,0.0,1.0,0.0
тип,0.0,0.0,0.0,0.0,5.0,2.0,1.0,1.0,0.0
типа,0.0,0.0,0.0,1.0,0.0,0.0,0.0,0.0,2.0
типичный,0.0,0.0,0.0,0.0,0.0,0.0,0.0,0.0,1.0
тк,0.0,0.0,0.0,1.0,0.0,0.0,0.0,0.0,0.0
то,10.0,9.0,8.0,14.0,0.0,8.0,26.0,12.0,7.0
тог,0.0,0.0,0.0,0.0,0.0,0.0,0.0,1.0,0.0
тогда,11.0,23.0,6.0,19.0,14.0,4.0,15.0,20.0,10.0
тоже,14.0,1.0,2.0,22.0,6.0,2.0,23.0,5.0,2.0
толко,0.0,1.0,0.0,0.0,0.0,0.0,0.0,0.0,0.0
толстый,0.0,0.0,0.0,1.0,0.0,2.0,0.0,0.0,2.0
только,7.0,2.0,0.0,6.0,6.0,6.0,12.0,4.0,5.0
торговать,0.0,0.0,0.0,0.0,0.0,0.0,0.0,2.0,0.0
тот,3.0,1.0,1.0,8.0,2.0,2.0,16.0,37.0,10.0
точить,0.0,0.0,0.0,1.0,0.0,0.0,0.0,0.0,0.0
точка,0.0,0.0,0.0,0.0,1.0,0.0,0.0,5.0,0.0
точно,0.0,0.0,0.0,0.0,0.0,0.0,2.0,1.0,1.0
точный,0.0,0.0,0.0,0.0,0.0,0.0,0.0,1.0,0.0
тра,0.0,0.0,1.0,0.0,0.0,0.0,0.0,0.0,0.0
третий,0.0,0.0,1.0,0.0,0.0,0.0,1.0,0.0,1.0
треть,0.0,0.0,0.0,0.0,0.0,0.0,0.0,1.0,0.0
три,1.0,0.0,1.0,8.0,1.0,3.0,4.0,1.0,3.0
тридцать,0.0,0.0,0.0,1.0,0.0,0.0,0.0,0.0,0.0
трюк,0.0,0.0,0.0,0.0,0.0,0.0,0.0,0.0,2.0
тс,0.0,0.0,0.0,1.0,0.0,0.0,0.0,0.0,0.0
туда,10.0,7.0,7.0,2.0,3.0,1.0,4.0,4.0,3.0
тузик,0.0,0.0,1.0,0.0,0.0,0.0,0.0,0.0,0.0
тумба,0.0,0.0,0.0,0.0,0.0,0.0,0.0,0.0,3.0
тумбочка,0.0,0.0,5.0,0.0,0.0,9.0,0.0,0.0,8.0
тут,1.0,5.0,2.0,3.0,0.0,2.0,1.0,4.0,3.0
тута,0.0,2.0,0.0,0.0,0.0,0.0,0.0,0.0,0.0
ты,8.0,58.0,15.0,17.0,137.0,6.0,8.0,70.0,8.0
ться,0.0,0.0,0.0,0.0,0.0,1.0,0.0,0.0,0.0
тяжело,0.0,0.0,0.0,0.0,1.0,0.0,0.0,0.0,0.0
тяжелый,0.0,0.0,0.0,0.0,0.0,0.0,0.0,0.0,1.0
у,12.0,13.0,13.0,12.0,19.0,13.0,11.0,12.0,19.0
убежать,1.0,0.0,1.0,0.0,0.0,1.0,0.0,0.0,0.0
убивать,0.0,0.0,0.0,6.0,0.0,0.0,5.0,0.0,0.0
убить,0.0,0.0,0.0,14.0,0.0,0.0,0.0,0.0,0.0
убрать,0.0,0.0,0.0,0.0,0.0,0.0,1.0,0.0,0.0
уверенный,0.0,0.0,0.0,0.0,0.0,0.0,1.0,0.0,0.0
уви,0.0,0.0,0.0,0.0,0.0,1.0,0.0,0.0,0.0
увидеть,1.0,6.0,9.0,2.0,2.0,17.0,4.0,5.0,21.0
угл,0.0,0.0,0.0,0.0,2.0,0.0,0.0,0.0,0.0
уговорить,0.0,0.0,0.0,1.0,0.0,0.0,0.0,0.0,0.0
угол,0.0,1.0,0.0,0.0,4.0,0.0,0.0,6.0,0.0
уголок,0.0,0.0,0.0,0.0,3.0,0.0,0.0,0.0,0.0
угрызение,0.0,0.0,0.0,0.0,0.0,0.0,0.0,0.0,1.0
удивиться,0.0,0.0,1.0,0.0,0.0,0.0,0.0,0.0,1.0
удочка,0.0,0.0,0.0,0.0,0.0,0.0,1.0,0.0,0.0
уж,0.0,0.0,0.0,0.0,1.0,0.0,0.0,0.0,0.0
ужас,0.0,0.0,0.0,0.0,1.0,0.0,0.0,0.0,0.0
ужасно,0.0,0.0,0.0,0.0,0.0,0.0,1.0,0.0,1.0
ужасный,0.0,0.0,0.0,1.0,0.0,0.0,0.0,0.0,0.0
уже,4.0,5.0,1.0,7.0,4.0,5.0,21.0,6.0,6.0
ужин,0.0,0.0,0.0,0.0,0.0,0.0,2.0,0.0,1.0
узнать,0.0,0.0,0.0,0.0,0.0,2.0,1.0,0.0,1.0
уйти,1.0,1.0,0.0,0.0,0.0,1.0,0.0,0.0,1.0
украсть,0.0,0.0,0.0,0.0,0.0,0.0,0.0,0.0,2.0
улица,0.0,0.0,0.0,0.0,1.0,1.0,0.0,1.0,0.0
улыбаться,0.0,0.0,0.0,0.0,0.0,0.0,1.0,0.0,0.0
ум,0.0,0.0,0.0,0.0,1.0,0.0,0.0,0.0,0.0
умереть,4.0,0.0,0.0,7.0,0.0,0.0,6.0,0.0,0.0
уметь,0.0,0.0,0.0,1.0,1.0,0.0,0.0,0.0,0.0
умирать,0.0,0.0,0.0,1.0,0.0,0.0,1.0,0.0,0.0
умничка,0.0,0.0,0.0,0.0,0.0,0.0,0.0,0.0,1.0
умный,0.0,0.0,0.0,0.0,1.0,3.0,0.0,0.0,2.0
умолять,0.0,0.0,0.0,0.0,0.0,0.0,1.0,0.0,0.0
унд,0.0,3.0,1.0,1.0,2.0,0.0,0.0,0.0,0.0
унести,1.0,0.0,0.0,0.0,0.0,0.0,0.0,0.0,1.0
университет,0.0,0.0,0.0,0.0,0.0,0.0,0.0,0.0,1.0
упасть,2.0,0.0,4.0,1.0,0.0,6.0,0.0,0.0,0.0
уплыть,3.0,0.0,0.0,1.0,0.0,0.0,0.0,0.0,0.0
упор,0.0,0.0,0.0,0.0,0.0,0.0,0.0,2.0,0.0
ура,0.0,1.0,0.0,0.0,0.0,0.0,0.0,0.0,0.0
уровень,0.0,0.0,0.0,0.0,0.0,0.0,0.0,1.0,0.0
услышать,0.0,0.0,0.0,1.0,0.0,0.0,0.0,0.0,0.0
успеть,0.0,0.0,0.0,0.0,0.0,1.0,0.0,0.0,1.0
успокоиться,0.0,0.0,0.0,0.0,0.0,0.0,1.0,0.0,0.0
устать,0.0,0.0,0.0,1.0,0.0,0.0,0.0,0.0,0.0
устроить,0.0,0.0,0.0,0.0,0.0,0.0,1.0,0.0,0.0
ууу,0.0,1.0,0.0,0.0,0.0,0.0,0.0,0.0,0.0
ух,0.0,3.0,0.0,0.0,0.0,0.0,0.0,1.0,0.0
уха,0.0,0.0,0.0,1.0,0.0,0.0,1.0,0.0,0.0
уходить,0.0,0.0,0.0,0.0,0.0,1.0,0.0,0.0,0.0
участок,0.0,0.0,0.0,0.0,0.0,0.0,0.0,2.0,0.0
учебный,0.0,0.0,0.0,0.0,0.0,0.0,0.0,0.0,2.0
учить,0.0,0.0,0.0,0.0,0.0,1.0,0.0,0.0,0.0
учиться,1.0,0.0,0.0,0.0,0.0,0.0,0.0,0.0,1.0
фаст,0.0,0.0,0.0,0.0,0.0,0.0,0.0,1.0,0.0
фига,0.0,0.0,0.0,0.0,0.0,0.0,0.0,1.0,0.0
фильм,2.0,0.0,0.0,0.0,0.0,0.0,2.0,0.0,1.0
финиш,0.0,2.0,0.0,0.0,14.0,0.0,0.0,10.0,0.0
флаг,0.0,0.0,0.0,0.0,0.0,0.0,0.0,3.0,0.0
футбол,1.0,0.0,0.0,0.0,0.0,0.0,0.0,0.0,0.0
х,0.0,0.0,1.0,0.0,0.0,0.0,0.0,0.0,0.0
хвалить,0.0,0.0,0.0,0.0,0.0,0.0,0.0,0.0,1.0
хватать,0.0,0.0,0.0,0.0,0.0,0.0,1.0,0.0,0.0
хватить,0.0,0.0,0.0,0.0,0.0,0.0,0.0,0.0,1.0
хвост,1.0,0.0,0.0,0.0,0.0,0.0,0.0,0.0,0.0
хвостик,0.0,0.0,0.0,0.0,0.0,0.0,0.0,0.0,1.0
хернить,0.0,0.0,0.0,0.0,0.0,0.0,0.0,1.0,0.0
хищник,0.0,0.0,0.0,0.0,0.0,0.0,1.0,0.0,0.0
хищный,0.0,0.0,0.0,0.0,0.0,0.0,3.0,0.0,0.0
хо,1.0,0.0,0.0,0.0,0.0,0.0,1.0,0.0,1.0
ходить,2.0,0.0,0.0,0.0,12.0,5.0,3.0,3.0,2.0
хоз,0.0,0.0,0.0,0.0,0.0,1.0,0.0,0.0,0.0
хозяин,0.0,0.0,0.0,0.0,0.0,0.0,0.0,0.0,3.0
хозяйка,0.0,0.0,0.0,0.0,0.0,4.0,0.0,0.0,12.0
хозяйство,0.0,0.0,0.0,0.0,0.0,0.0,0.0,0.0,1.0
хоп,0.0,0.0,0.0,0.0,0.0,0.0,1.0,0.0,0.0
хорошенький,0.0,0.0,0.0,1.0,0.0,0.0,0.0,0.0,0.0
хороший,1.0,0.0,1.0,2.0,0.0,0.0,7.0,0.0,2.0
хорошо,2.0,2.0,2.0,7.0,7.0,5.0,17.0,22.0,11.0
хота,1.0,0.0,1.0,0.0,0.0,0.0,0.0,0.0,1.0
хотеть,55.0,2.0,34.0,50.0,1.0,25.0,43.0,1.0,19.0
хотеться,0.0,0.0,0.0,1.0,0.0,1.0,3.0,0.0,0.0
хоть,0.0,0.0,0.0,0.0,0.0,1.0,3.0,0.0,0.0
хотя,0.0,0.0,0.0,0.0,0.0,0.0,2.0,0.0,1.0
худой,0.0,0.0,0.0,0.0,0.0,1.0,0.0,0.0,0.0
худший,0.0,0.0,0.0,0.0,0.0,0.0,2.0,0.0,0.0
ххй,0.0,0.0,1.0,0.0,0.0,0.0,0.0,0.0,0.0
царство,0.0,0.0,0.0,0.0,0.0,0.0,1.0,0.0,0.0
цвет,0.0,0.0,0.0,0.0,0.0,0.0,0.0,1.0,0.0
цветной,0.0,0.0,0.0,0.0,0.0,0.0,0.0,1.0,0.0
целиком,0.0,0.0,0.0,0.0,0.0,0.0,0.0,1.0,0.0
целовать,0.0,0.0,0.0,0.0,0.0,1.0,0.0,0.0,0.0
цель,0.0,1.0,0.0,0.0,0.0,0.0,0.0,0.0,0.0
цент,2.0,0.0,0.0,0.0,0.0,0.0,0.0,0.0,0.0
чары,0.0,1.0,0.0,0.0,0.0,0.0,0.0,0.0,0.0
час,0.0,0.0,0.0,0.0,0.0,0.0,2.0,0.0,1.0
часть,0.0,0.0,0.0,0.0,0.0,0.0,1.0,0.0,0.0
че,2.0,1.0,0.0,1.0,0.0,1.0,0.0,1.0,0.0
человек,2.0,0.0,0.0,3.0,0.0,0.0,3.0,0.0,0.0
чем,0.0,1.0,0.0,0.0,2.0,0.0,3.0,1.0,0.0
через,0.0,8.0,0.0,2.0,1.0,3.0,2.0,1.0,1.0
черепаха,1.0,0.0,0.0,0.0,0.0,0.0,0.0,0.0,0.0
черный,0.0,0.0,0.0,0.0,4.0,0.0,0.0,0.0,0.0
черт,0.0,0.0,0.0,0.0,1.0,0.0,0.0,1.0,0.0
честно,0.0,0.0,0.0,0.0,0.0,3.0,3.0,0.0,0.0
честный,0.0,0.0,0.0,0.0,0.0,1.0,0.0,0.0,0.0
четвертая,0.0,0.0,0.0,0.0,0.0,0.0,1.0,0.0,0.0
четверть,0.0,0.0,0.0,0.0,0.0,0.0,0.0,2.0,0.0
четыре,0.0,0.0,0.0,1.0,0.0,0.0,1.0,0.0,0.0
чи,0.0,1.0,0.0,0.0,0.0,0.0,0.0,0.0,0.0
число,0.0,0.0,0.0,0.0,0.0,0.0,1.0,0.0,0.0
читать,1.0,0.0,0.0,1.0,0.0,0.0,0.0,0.0,0.0
что,39.0,4.0,41.0,83.0,24.0,63.0,103.0,13.0,54.0
чтоб,14.0,0.0,9.0,16.0,3.0,1.0,16.0,4.0,0.0
чтобы,8.0,2.0,2.0,11.0,3.0,0.0,11.0,1.0,7.0
чть,0.0,0.0,0.0,0.0,0.0,0.0,0.0,1.0,0.0
чу,0.0,0.0,0.0,0.0,1.0,0.0,0.0,0.0,0.0
чуть,0.0,2.0,0.0,0.0,3.0,0.0,0.0,1.0,0.0
чуять,0.0,0.0,0.0,0.0,0.0,0.0,0.0,0.0,1.0
ш,1.0,2.0,0.0,0.0,0.0,0.0,0.0,1.0,0.0
ша,0.0,0.0,0.0,0.0,1.0,0.0,0.0,1.0,0.0
шаг,0.0,2.0,0.0,0.0,0.0,0.0,0.0,0.0,0.0
шапка,0.0,0.0,0.0,0.0,0.0,1.0,0.0,0.0,2.0
шапочка,0.0,0.0,2.0,0.0,0.0,6.0,0.0,0.0,6.0
шар,0.0,9.0,0.0,0.0,5.0,0.0,0.0,12.0,0.0
шарик,0.0,4.0,0.0,0.0,1.0,1.0,0.0,7.0,4.0
шесть,0.0,0.0,0.0,0.0,0.0,1.0,0.0,0.0,1.0
шеф,0.0,0.0,0.0,0.0,2.0,0.0,0.0,0.0,0.0
широко,0.0,0.0,0.0,0.0,1.0,0.0,0.0,0.0,0.0
шкаф,0.0,0.0,16.0,0.0,0.0,11.0,0.0,0.0,14.0
шкафчик,0.0,0.0,3.0,0.0,0.0,7.0,0.0,0.0,10.0
школа,1.0,0.0,0.0,0.0,0.0,3.0,2.0,0.0,5.0
шляпа,0.0,0.0,1.0,0.0,0.0,0.0,0.0,0.0,5.0
шо,0.0,0.0,0.0,1.0,0.0,0.0,0.0,0.0,4.0
шокировать,0.0,0.0,0.0,0.0,0.0,0.0,1.0,0.0,0.0
шоу,0.0,0.0,0.0,0.0,0.0,0.0,1.0,0.0,0.0
штука,0.0,0.0,1.0,0.0,1.0,1.0,0.0,0.0,0.0
штучка,0.0,0.0,0.0,0.0,0.0,1.0,0.0,0.0,0.0
щука,6.0,0.0,0.0,13.0,0.0,0.0,5.0,0.0,0.0
э,0.0,0.0,0.0,0.0,1.0,0.0,0.0,0.0,0.0
эм,0.0,0.0,0.0,0.0,1.0,0.0,0.0,0.0,0.0
эра,0.0,0.0,0.0,0.0,1.0,0.0,0.0,1.0,0.0
это,58.0,24.0,26.0,34.0,28.0,23.0,43.0,45.0,38.0
этот,58.0,8.0,15.0,40.0,28.0,42.0,47.0,38.0,49.0
эх,1.0,0.0,0.0,0.0,0.0,0.0,0.0,0.0,0.0
эээ,0.0,0.0,0.0,3.0,0.0,1.0,0.0,0.0,0.0
юр,0.0,0.0,0.0,0.0,0.0,1.0,0.0,0.0,0.0
я,80.0,14.0,12.0,128.0,17.0,25.0,175.0,26.0,29.0
язык,0.0,0.0,0.0,0.0,0.0,0.0,0.0,0.0,1.0
ящик,0.0,0.0,1.0,0.0,0.0,3.0,0.0,0.0,11.0
ящичек,0.0,0.0,1.0,0.0,0.0,0.0,0.0,0.0,0.0
