,foreignWord,pos,gen,nativeWord,translate,les,fullpos,pos_freq,pics,downloaded
3,adíjo,mix,-,Tschüß,,2,Interjektion ,32,,
4,agéncija (-e),noun,-,Agentur,,15,"Substantiv, f ",459,,
5,alkoholne pijače,noun,f ,alkoholische Getränke,,5,Substantiv /pl ,459,,
6,Alpe (-ø),noun,f/Pl ,Alpen,,14,Substantiv ,459,,
7,"alpski, -a, -o",adj,-,Alpen-,,14,Adjektiv ,208,,
8,àmpak,mix,-,"aber, sondern",,4,Konjunktion ,32,,
9,apríl (-a),noun,m ,April,,1,Substantiv ,459,,
10,arhitékt (-a),noun,m ,Architekt,,1,Substantiv ,459,,
11,Avstrija (-e),noun,f ,Österreich,,14,Substantiv ,459,,
13,ávto (-a),noun,m ,Auto,,1,Substantiv ,459,,
15,avtomobíl (-a),noun,m ,Auto (im Dual und Plural anstelle von avto gebraucht),Auto,6,Substantiv ,459,http://mrg.bz/z5xfUe,car
16,avtor (-ja),noun,-,Author,,12,"Substantiv, m ",459,,
17,bábica (-e),noun,f ,Oma,,9,Substantiv ,459,,
18,banána (-e),noun,f ,Banane,,1,Substantiv ,459,http://mrg.bz/XhT9qz,bananas
19,bánka (-e),noun,f ,Bank,,1,Substantiv ,459,,
20,bankomat (-a),noun,m ,Geldautomat,,8,Substantiv ,459,,
21,bár (-a),noun,m ,Bar,,3,Substantiv ,459,,
22,"bati se, boji se",verb,-,sich fürchten,,10,"Verb, impf ",145,,
23,"bél -a, -o",adj,-,weiß,,3,Adjektiv ,208,,
24,bela kava,noun,f ,Milchkaffee,,5,Substantiv ,459,,
25,belo vino,noun,n ,Weißwein,,5,Substantiv ,459,,
26,beséda (-e),noun,f ,Wort,,1,Substantiv ,459,,
27,besedílo (-a),noun,n ,Text,,9,Substantiv ,459,,
28,besedíšče (-a),noun,n ,Vokabelliste,,1,Substantiv ,459,,
29,béž (auch beige)(unveränderlich),adj,-,beige,,3,Adjektiv ,208,,
30,bi,mix,-,würde,,5,"Partikel, (Konditionalmorphem) ",32,,
31,biblija (-e),noun,-,Bibel,,12,"Substantiv, f ",459,,
32,biologíja (-e),noun,f ,Biologie,,1,Substantiv ,459,,
33,"bíti, je",verb,-,sein,,2,"Verb, impf ",145,,
34,blizu,adj,-,in der Nähe,,8,Adverb ,208,,
35,bôlj,adj,-,mehr,,2,"Adverb, Komparativ ",208,,
36,"boljši, -a, -e",adj,-,besser,,14,Adjektiv ,208,,
37,"brálec, -lca",noun,m ,Leser,,16,Substantiv ,459,,
38,"branjevka, -e",noun,f ,Markthändlerin / Gemüsefrau,,11,Substantiv ,459,,
39,"brati, bere",verb,-,lesen,,12,"Verb, impf ",145,,
41,čaj (-a),noun,m ,Tee,,5,Substantiv ,459,,
42,čas (-a),noun,m ,Zeit,,13,Substantiv ,459,,
44,časopis (-a),noun,m ,Zeitung,,13,Substantiv ,459,,
46,Čéh (-a),noun,m ,Tscheche,,1,Substantiv ,459,,
47,"cél, -a, -o",adj,-,ganz,,15,Adjektiv ,208,,
48,celo,adj,-,sogar,,14,Adverb ,208,,
49,cénter (-tra),noun,m ,Zentrum,,1,Substantiv ,459,,
50,cerkev (-kve),noun,f ,Kirche,,8,Substantiv ,459,,
51,"češnja, -e",noun,f ,Kirsche,,11,Substantiv ,459,,
52,čevapčiči,noun,m ,Cevapcici,,5,"Substantiv, pl ",459,,
53,čevelj (-vlja),noun,m ,Schuh,,8,Substantiv ,459,http://mrg.bz/CVsOCf,shoe
54,čez,prep,-,-,,6,Präposition,18,,
55,cigaréta (-e),noun,f ,Zigarette,,1,Substantiv ,459,http://mrg.bz/mMv1mX,cigarette
56,"čigáv -a, -o",pron,-,wessen,,3,Interrogativpronom ,28,,
57,Číle (-a),noun,m ,Chile,,9,Substantiv ,459,,
58,cílj (-a),noun,m ,Ziel,,1,Substantiv ,459,,
59,číps (-a),noun,m ,Kartoffelchips,,1,Substantiv ,459,http://mrg.bz/JCGHDA,chips
60,član (-a),noun,m ,Mitglied,,14,Substantiv ,459,,
61,"článek, -a",noun,m ,Artikel,,16,Substantiv ,459,,
62,cmok (-a),noun,m ,Knödel,,5,Substantiv ,459,,
63,čokoláda (-e),noun,f ,Schokolade,,1,Substantiv ,459,,
64,"črn -a, -o",adj,-,schwarz,,13,Adjektiv ,208,,
65,črtica (-e),noun,-,Kurzgeschichte,,12,"Substantiv, f ",459,,
67,da,mix,-,um ... zu,,6,Konjunktion ,32,,
68,"daljši, -a, -e",adj,-,länger,,14,Adjektiv ,208,,
69,dan (dneva),noun,m ,Tag,,7,Substantiv ,459,,
72,danes,adj,-,heute,,12,Adverb ,208,,
73,darilo (-a),noun,n ,Geschenk,,7,Substantiv ,459,,
74,"dáti, -a",verb,-,geben,,15,"Verb, pf ",145,,
76,"dêbel debéla, -o",adj,-,dick,,3,Adjektiv ,208,,
77,december (-bra),noun,-,Dezember,,12,"Substantiv, m ",459,,
79,dédek (-dka),noun,m ,Opa,,9,Substantiv ,459,,
80,"dél, -a",noun,m ,Teil,,16,Substantiv ,459,,
81,"délati, -a",verb,-,machen,,4,"Verb, impf ",145,,
82,"délaven, -vna, -o",adj,-,fleißig,,6,Adjektiv ,208,,
83,delo (-a),noun,-,"Arbeit, Werk",,12,"Substantiv, n ",459,,
84,délo (-a),noun,n ,Arbeit,,9,Substantiv ,459,,
85,désna (-e),noun,f ,rechte Seite,,3,Substantiv ,459,,
86,"deževáti, dežúje",verb,-,regnen,,6,"Verb, impf ",145,,
87,diplóma (-e),noun,f ,Diplom,,1,Substantiv ,459,,
88,dísko (-a),noun,m ,Disko,,1,Substantiv ,459,http://morguefile.com/archive/display/196495,disco
89,do,prep,-,nach,,13,"Präposition, Gen. ",18,,
90,"dober -bra, -o",adj,-,gut,,10,Adjektiv ,208,,
93,"dobíti se, -ì se",verb,-,sich treffen,,9,"Verb, pf ",145,,
96,"dodáti, -á",verb,-,hinzufügen,,15,"Verb, pf ",145,,
98,"dolg, -a, -o",adj,-,lang,,14,Adjektiv ,208,,
99,dólgčas (-a),noun,m ,Langeweile,,9,Substantiv ,459,,
100,dólgo,adj,-,lange,,6,Adverb ,208,,
101,dolina (-e),noun,f ,Tal,,14,Substantiv ,459,,
102,doma,adj,-,zu Hause,,10,Adverb ,208,,
103,domov,adj,-,nach Hause,,13,Adverb ,208,,
105,dopôldne,adj,-,vormittags,,4,Adverb ,208,,
106,"doséči, doséže",verb,-,erreichen,,16,"Verb, pf ",145,,
107,družina (-e),noun,-,Familie,,12,"Substantiv, f ",459,,
108,država (-e),noun,f ,Staat,,14,Substantiv ,459,,
110,"držávna nagráda, -e, -e",noun,f ,Staatspreis,,16,Adjektiv/Substantiv ,459,,
111,Dúnaj (-a),noun,m ,Wien,,2,Substantiv ,459,,
112,ekonomíja (-e),noun,f ,Ökonomie,,1,Substantiv ,459,,
113,ekspreso (-a),noun,m ,Espresso,,5,Substantiv ,459,,
114,enolončnica (-e),noun,f ,Eintopf,,5,Substantiv ,459,,
115,esej (-a),noun,m ,Essay,,13,Substantiv ,459,,
116,évro (-a),noun,m ,Euro,,1,Substantiv ,459,,
117,Evrópa (-e),noun,f ,Europa,,1,Substantiv ,459,,
118,"Evropski, -a, -o",adj,-,europäisch,,14,Adjektiv ,208,,
120,fakulteta (-e),noun,f ,Fakultät,,13,Substantiv ,459,,
122,februar (-ja),noun,-,Februar,,12,"Substantiv, m ",459,,
124,filharmonija (-e),noun,f ,Philharmonie,,8,Substantiv ,459,,
125,"fílmski -a, -o",adj,-,Film-,,9,Adjektiv ,208,,
126,filozofíja (-e),noun,f ,Philosophie,,1,Substantiv ,459,,
127,"filozófski -a, -o",adj,-,philosophisch,,3,Adjektiv ,208,,
129,fižôl (fižóla),noun,-,Bohne,,15,"Substantiv, m ",459,,
131,Francóz (-a),noun,m ,Franzose,,9,Substantiv ,459,,
132,galerija (-e),noun,f ,Galerie,,13,Substantiv ,459,,
134,garáža (-e),noun,f ,Garage,,1,Substantiv ,459,http://mrg.bz/FYzbmP,garage
135,geografíja (-e),noun,f ,Geographie,,1,Substantiv ,459,,
137,"glavni, -a, -o",adj,-,Haupt-,,14,Adjektiv ,208,,
138,golaž (-a),noun,m ,Gulasch,,5,Substantiv ,459,,
139,gora (-e),noun,f ,Berg,,14,Substantiv ,459,http://mrg.bz/VzjpkR,mountain
141,gospá (-e),noun,f ,Frau,,2,Substantiv ,459,,
142,gospód (-a),noun,m ,Herr,,2,Substantiv ,459,,
143,gospodíčna (-e),noun,f ,Fräulein,,2,Substantiv ,459,,
144,gost (-a),noun,m ,Gast,,14,Substantiv ,459,,
145,gotôvo,adj,-,fertig,,15,Adverb ,208,,
146,goveja juha,noun,f ,Rinderbrühe,,5,Substantiv ,459,,
147,"govoriti, -i",verb,-,erzählen,,13,"Verb, impf ",145,,
149,"grozdje, -a",noun,n ,Weintrauben,,11,"Substantiv, Sg ",459,,
150,haló,mix,-,Hallo,,1,Interjektion ,32,,
151,harmónika (-e),noun,f ,Akkordeon,,9,Substantiv ,459,,
152,hčerka (-e),noun,f ,Tochter,,7,Substantiv ,459,,
153,híša (-e),noun,f ,Haus,,3,Substantiv ,459,,
154,"híšni -a, -o",adj,-,Haus-,,2,Adjektiv ,208,,
155,hítro,adj,-,schnell,,6,Adverb ,208,,
156,hladílnik (-a),noun,-,Kühlschrank,,15,"Substantiv, m ",459,http://mrg.bz/Tv2yXe,freezer
157,hóbi (-ja),noun,m ,Hobby,,1,Substantiv ,459,,
158,"hoditi, -i",verb,-,gehen,,13,"Verb, impf ",145,,
160,"hodíti, hódi",verb,-,(herum) gehen,,9,"Verb, impf ",145,,
161,hodnik (-a),noun,m ,Flur,,8,Substantiv ,459,,
162,hotél (-a),noun,m ,Hotel,,1,Substantiv ,459,,
163,"hruška, -e",noun,f ,Birne,,11,Substantiv ,459,,
164,hudo-ega,noun,n ,Übel,,10,Substantiv ,459,,
165,hvála,mix,-,Danke,,5,Interjektion ,32,,
166,hvála (-e),noun,f ,Dank,,2,Substantiv ,459,,
167,idêja (-e),noun,f ,Idee,,1,Substantiv ,459,,
168,imé (-ena),noun,n ,"Name, Vorname",,2,Substantiv ,459,,
169,"imenovati se, imenujem se",verb,-,sich nennen,,12,"Verb, impf ",145,,
170,"iméti, imá",verb,-,haben,,2,"Verb, impf ",145,,
172,ín,mix,-,und,,4,Konjunktion ,32,,
173,informácija (-e),noun,f ,Information,,6,Substantiv ,459,,
174,internét (-a),noun,-,Internet,,15,"Substantiv, m ",459,,
176,inženír (-ja),noun,m ,Ingenieur,,1,Substantiv ,459,,
177,"iskati , išče",verb,-,suchen,,8,"Verb, impf ",145,,
178,Italija (-e),noun,f ,Italien,,14,Substantiv ,459,,
182,iz,prep,-,"aus, von",,13,"Präposition, Gen. ",18,,
183,"izdajátelj, -a",noun,m ,Herausgeber,,16,Substantiv ,459,,
184,"izdati, -a",verb,-,herausgeben,,12,"Verb, pf ",145,,
185,izgovarjáva (-e),noun,f ,Aussprache,,1,Substantiv ,459,,
186,izlet (-a),noun,m ,Ausflug,,13,Substantiv ,459,,
188,izmed,prep,-,unter,,14,"Präposition, Gen ",18,,
189,"izvirati, -a",verb,-,stammen,,12,"Verb, impf ",145,,
190,"izvoli, -ta, -te",mix,-,bitte!,,15,Imperativ ,32,,
192,"izvóliti, -i",verb,-,wählen,,5,"Verb, pf und impf ",145,,
194,jabolčni sok,noun,m ,Apfelsaft,,5,Substantiv ,459,,
195,jabolčni zavitek,noun,m ,Apfelstrudel,,5,Substantiv ,459,,
196,"jabolko, -a",noun,n ,Apfel,,11,Substantiv ,459,,
197,"jadranski, -a, -o",adj,-,Adria-,,14,Adjektiv ,208,,
198,"jagoda, -e",noun,f ,Erdbeere,,11,Substantiv ,459,,
199,jákna (-e),noun,f ,Jacke,,9,Substantiv ,459,,
200,jama (-e),noun,f ,"Höhle, Grotte",,14,Substantiv ,459,,
201,jánuar (-ja),noun,m ,Januar,,1,Substantiv ,459,,
202,jedi,noun,f ,Speisen,,5,"Substantiv, pl ",459,,
203,jesén (-i),noun,f ,Herbst,,9,Substantiv ,459,,
204,jeséni,adj,-,im Herbst,,9,Adverb ,208,,
205,jezik (-a),noun,-,Sprache,,12,"Substantiv, m ",459,,
207,jógurt (-a),noun,m ,Joghurt,,1,Substantiv ,459,,
209,joj,mix,-,oh,,10,Interjektion ,32,,
212,jug (-a),noun,m ,Süden,,8,Substantiv ,459,,
213,jugozahod (-a),noun,m ,Südwesten,,14,Substantiv ,459,,
214,juha (-e),noun,f ,Suppe,,5,Substantiv ,459,,
216,júnij (-a),noun,m ,Juni,,1,Substantiv ,459,,
217,jutri,adj,-,morgen,,13,Adverb ,208,,
218,kaj (česa),pron,-,etwas,,11,Pronomen ,28,,
219,"kaj, česa",pron,-,(et)was,,10,Indefinitpronomen ,28,,
220,"káj, čésa",pron,-,was,,3,Fragepronomen ,28,,
221,kakav (-a),noun,m ,Kakao,,5,Substantiv ,459,,
222,kakó,pron,-,wie,,3,Fragepronomen ,28,,
223,"kákšen -šna, -o",pron,-,"wie, was für ein",,3,Interrogativpronom ,28,,
224,"kakšen, -šna, -o",pron,-,"was für ein/eine/ein, wie",,12,Interrogativpronomen ,28,,
225,kam,pron,-,wohin,,13,Interrogativpronomen ,28,,
226,kamilični čaj,noun,m ,Kamillentee,,5,Substantiv ,459,,
227,kapučino (-a),noun,m ,Cappuccino,,5,Substantiv ,459,http://mrg.bz/hIzuzC,"cappucino,cappucino1"
229,kàr,adj,-,ziemlich,,2,Adverb ,208,,
230,kárta (-e),noun,f ,Karte,,1,Substantiv ,459,,
231,katalóg (-a),noun,-,Katalog,,15,"Substantiv, m ",459,,
232,kava (-e),noun,f ,Kaffee,,5,Substantiv ,459,,
234,kava s smetano,noun,f ,Kaffee mit Sahne,,5,Substantiv ,459,,
235,kdaj,pron,-,wann,,12,Interrogativpronomen ,28,,
236,ker,mix,-,weil,,13,Konjunktion ,32,,
237,"kila, -e",noun,f ,Kilogramm (umgspr.),,11,Substantiv ,459,,
238,"kilogram, -a",noun,m ,Kilogramm,,11,Substantiv ,459,,
239,kíno (-a),noun,m ,Kino,,1,Substantiv ,459,,
240,kiosk (-a),noun,m ,Kiosk,,8,Substantiv ,459,,
241,"kísel, -la, -lo",adj,-,sauer,,15,Adjektiv ,208,,
243,"kislo zelje (-ega, -a)",noun,n ,Sauerkraut,,5,Substantiv ,459,,
244,"kitájski -a, -o",adj,-,chinesisch,,3,Adjektiv ,208,,
245,"kivi, -ja",noun,m ,Kiwi,,11,Substantiv ,459,http://mrg.bz/T6mtQG,kiwi
246,kje,pron,-,wo,,8,Interrogativpronomen ,28,,
247,kljúb tému,mix,-,trotzdem,,9,Konjunktion ,32,,
248,knjiga (-e),noun,-,Buch,,12,"Substantiv, f ",459,,
251,"knjižévnost, -i",noun,f ,Literatur,,16,Substantiv ,459,,
252,ko,mix,-,als,,9,Konjunktion ,32,,
253,kokakola (-e),noun,f ,Coca Cola,,5,Substantiv ,459,http://mrg.bz/GWBE6j,coke
254,kokta (-e),noun,f ,slowenische Cola,,5,Substantiv ,459,,
255,"kolesáriti, -i",verb,-,Rad fahren,,4,"Verb, impf ",145,,
256,koliko,pron,-,"wieviel, wie viele",,11,Interrogativpronomen ,28,,
257,kônec (-nca),noun,m ,Ende,,9,Substantiv ,459,,
258,"kônjski -a, -o",adj,-,Pferde-,,9,Adjektiv ,208,,
259,kopalnica (-e),noun,f ,Bad,,8,Substantiv ,459,,
260,korenina (-e),noun,-,Wurzel,,12,"Substantiv, f ",459,,
261,"korenje, -a",noun,n ,Karotte,,11,"Substantiv, Sg ",459,http://mrg.bz/WmzcFu,carots
262,kosílo (-a),noun,n ,Mittagessen,,6,Substantiv ,459,,
263,kot,mix,-,"als, wie",,14,Konjunktion ,32,,
265,kotlet (-a),noun,m ,Kotelett,,5,Substantiv ,459,,
266,"kràj , krája",noun,m ,Ort,,2,Substantiv ,459,,
267,"kranjska klobasa (-e, -e)",noun,f ,Krainer Wurst,,5,Substantiv ,459,,
268,kremšnita (-e),noun,f ,Cremeschnitte,,5,Substantiv ,459,,
269,krompir (-ja),noun,m ,Kartoffel,,13,Substantiv ,459,http://mrg.bz/QQ9MBO,potato
273,kruh (-a),noun,m/Sg ,Brot,,13,Substantiv ,459,http://mrg.bz/TiFD6J,bread
276,kuhinja (-e),noun,f ,Küche,,13,Substantiv ,459,http://mrg.bz/NvUzIm,kitchen
279,kulísa (-e),noun,f ,Kulisse,,9,Substantiv ,459,,
280,kultura (-e),noun,-,Kultur,,12,"Substantiv, f ",459,,
281,"kulturni -a, -o",adj,-,Kultur-,,13,Adjektiv ,208,,
282,"kupíti, kúpi",verb,-,kaufen,,9,"Verb, impf ",145,,
283,kústosinja (-e),noun,f ,Kuratorin,,2,Substantiv ,459,,
284,"láčen -čna, -o",adj,-,hungrig,,5,Adjektiv ,208,,
285,ládja (-e),noun,f ,Schiff,,9,Substantiv ,459,http://mrg.bz/kxeURE,ship
286,ládjica (-e),noun,f ,Boot,,6,Substantiv/Diminutiv ,459,,
287,"láhek -hka, -o",adj,-,leicht,,2,Adjektiv ,208,,
288,lahko,mix,-,"können, kann",,10,Modalwort / Prädikativ ,32,,
289,lahkó,mix,-,können Sie/ kannst du?,,5,Modalausdruck ,32,,
290,láni,adj,-,voriges Jahr,,9,Adverb ,208,,
291,ledena kava,noun,f ,Eiskaffee,,5,Substantiv ,459,,
292,ledeni čaj,noun,m ,Eistee,,5,Substantiv ,459,,
293,lekarna (-e),noun,f ,Apotheke,,8,Substantiv ,459,,
294,lékcija (-e),noun,f ,Lektion,,1,Substantiv ,459,,
295,léktor (-ja),noun,m ,"Lektor, Sprachlehrer",,1,Substantiv ,459,,
296,"lép -a, -o",adj,-,schön,,3,Adjektiv ,208,,
298,"lepši, -a, -e",adj,-,schöner,,14,Adjektiv ,208,,
299,leto (-a),noun,n ,Jahr,,13,Substantiv ,459,,
301,létos,adj,-,in diesem Jahr,,9,Adverb ,208,,
302,léva (-e),noun,f ,linke Seite,,3,Substantiv ,459,,
303,"ležati, leži",verb,-,liegen,,14,"Verb, impf ",145,,
304,líla (unveränderlich),adj,-,lila,,3,Adjektiv ,208,,
305,limóna (-e),noun,f ,Zitrone,,1,Substantiv ,459,http://mrg.bz/cTqNat,lemon
306,limonada (-e),noun,f ,Limonade,,5,Substantiv ,459,,
307,limonáda (-e),noun,f ,Zitronenlimonade,,6,Substantiv ,459,,
308,lipov čaj,noun,m ,Lindenblütentee,,5,Substantiv ,459,,
309,"liter, litra",noun,m ,Liter,,11,Substantiv ,459,,
312,"ljubljánski -a, -o",adj,-,Ljubljanaer,,9,Adjektiv ,208,,
314,"lubenica, -e",noun,f ,Wassermelone,,11,Substantiv ,459,,
315,"lúksuzen -zna, -o",adj,-,Luxus-,,9,Adjektiv ,208,,
316,magistrat (-a),noun,m ,Rathaus,,8,Substantiv ,459,,
317,máj (-a),noun,m ,Mai,,1,Substantiv ,459,,
318,"májhen -hna, -o",adj,-,klein,,3,Adjektiv ,208,,
319,málica (-e),noun,f ,Imbiss,,9,Substantiv ,459,,
320,malo pivo,noun,n ,kleines Bier,,5,Substantiv ,459,,
321,máma (-e),noun,f ,Mama,,1,Substantiv ,459,,
322,"mandarina, -e",noun,f ,Mandarine,,11,Substantiv ,459,,
323,"manjši, -a, -e",adj,-,kleiner,,14,Adjektiv ,208,,
324,"marelica, -e",noun,f ,Aprikose,,11,Substantiv ,459,,
325,marmeláda (-e),noun,f ,Marmelade,,6,Substantiv ,459,http://mrg.bz/779lXm,jam
326,máslo (-a),noun,n ,Butter,,6,Substantiv ,459,http://mrg.bz/UwiCyP,butter
327,"mati, matere",noun,-,Mutter,,12,"Substantiv, f ",459,,
328,meja (-e),noun,f ,Grenze,,14,Substantiv ,459,,
329,"mejni, -a, -o",adj,-,Grenz-,,14,Adjektiv ,208,,
330,"meriti, -i",verb,-,messen,,14,"Verb, impf ",145,,
331,mešana solata,noun,f ,Gemischter Salat,,5,Substantiv ,459,,
332,mesec (-a),noun,m ,Monat,,13,Substantiv ,459,,
333,"méstni -a, -o",adj,-,Stadt-,,3,Adjektiv ,208,,
334,mesto (-a),noun,n ,Stadt,,14,Substantiv ,459,http://mrg.bz/IOI7AI,city
336,meter (-tra),noun,m ,Meter,,14,Substantiv ,459,,
337,mineralna voda,noun,f ,Mineralwasser,,5,Substantiv ,459,,
338,"misliti, -i",verb,-,denken,,7,"Verb, impf ",145,,
339,míza (-e),noun,f ,Tisch,,3,Substantiv ,459,,
340,"mlad, -a, -o",adj,-,jung,,14,Adjektiv ,208,,
342,"mlajši, -a, -e",adj,-,jünger,,14,Adjektiv ,208,,
343,mleko (-a),noun,n ,Milch,,5,Substantiv ,459,,
345,"močnejši, -a, -e",adj,-,stärker,,14,Adjektiv ,208,,
346,"móder -dra, -o",adj,-,blau,,3,Adjektiv ,208,,
348,"modêren -rna, -o",adj,-,modern,,3,Adjektiv ,208,,
349,moderna (-e),noun,-,Moderne,,12,"Substantiv, f ",459,,
350,"mogočen, -čna, -o",adj,-,gewaltig,,14,Adjektiv ,208,,
351,"mój , môja, môje",pron,-,mein,,2,Possessivpronomen ,28,,
352,"moj, -a, -e",pron,-,"mein, meine, mein",,12,Possesivpronomen ,28,,
354,"monografíja, -e",noun,f ,Monographie,,16,Substantiv ,459,,
355,morje (-a),noun,n ,Meer,,14,Substantiv ,459,http://mrg.bz/GKdsEo,sea
356,"mornárski -a, -o",adj,-,Matrosen-,,9,Adjektiv ,208,,
357,most (-u),noun,m ,Brücke,,8,Substantiv ,459,,
359,mož (-a),noun,m ,Ehemann,,7,Substantiv ,459,,
360,"mŕzel -zla, -o",adj,-,kalt,,5,Adjektiv ,208,,
361,muzêj (-a),noun,m ,Museum,,1,Substantiv ,459,,
364,nagráda-e,noun,f ,"Preis, Prämie",,16,Substantiv ,459,,
365,nájprej,adj,-,zuerst,,4,Adverb ,208,,
366,"nájti, nájde",verb,-,finden,,15,"Verb, pf ",145,,
367,"napisati, napiše",verb,-,schreiben,,13,"Verb, pf ",145,,
369,"naredíti, -í",verb,-,"machen, tun",,15,"Verb, pf ",145,,
370,"národen -dna, -o",adj,-,national,,3,Adjektiv ,208,,
371,"naslednji -a, -e",adj,-,"der, die, das nächste",,13,Adjektiv ,208,,
372,naslov (-a),noun,-,Titel,,12,"Substantiv, m ",459,,
373,naslòv (-ôva),noun,m ,Adresse,,2,Substantiv ,459,,
374,nastòp (-a),noun,m ,Auftritt,,9,Substantiv ,459,,
375,nastópati -a,verb,-,auftreten,,9,"Verb, impf ",145,,
376,nasvídenje oder na svídenje,mix,-,Auf Wiedersehen!,,2,Interjektion ,32,,
377,natákar (-ja),noun,m ,Kellner,,2,Substantiv ,459,,
378,natákarica (-e),noun,f ,Kellnerin,,4,Substantiv ,459,,
379,nató,adj,-,"danach, anschließend",,15,Adverb ,208,,
380,"ne imeti, nima",verb,-,nicht haben,,10,"Verb, impf ",145,,
383,nekóč,adj,-,früher,,9,Adverb ,208,,
384,Némčija (-e),noun,f ,Deutschland,,2,Substantiv ,459,,
385,nemščina (-e),noun,f ,deutsche Sprache,,13,Substantiv ,459,,
386,"nervózen -zna, -o",adj,-,nervös,,1,Adjektiv ,208,,
387,neznanec (-nca),noun,m ,Unbekannte,,8,Substantiv ,459,,
388,"nič, ničesar",pron,-,nichts,,10,Indefinitpronomen ,28,,
389,nikóli,adj,-,nie,,9,Adverb ,208,,
390,"nizek, -a, -o",adj,-,niedrig,,14,Adjektiv ,208,,
391,"nižji, -a, -e",adj,-,niedriger,,14,Adjektiv ,208,,
392,"njegov, -a, -o",pron,-,"sein, seine, sein",,12,Possesivpronomen ,28,,
393,"njén -a, -o",pron,-,ihr,,2,Possessivpronomen ,28,,
394,"njen, -a, -o",pron,-,"ihr, ihre, ihre",,12,Possesivpronomen ,28,,
395,"njún -a, -o",pron,-,ihr (beider),,2,Possessivpronomen ,28,,
396,no,mix,-,na,,8,Interjektion ,32,,
397,nóč (-i),noun,f ,Nacht,,2,Substantiv ,459,,
398,"nòv, nôva, -o",adj,-,neu,,3,Adjektiv ,208,,
400,novêmber (-bra),noun,m ,November,,1,Substantiv ,459,,
401,novínar (-ja),noun,m ,Journalist,,2,Substantiv ,459,,
402,o,prep,-,über,,13,"Präposition, Lok. ",18,,
403,ob,prep,-,neben,,8,Präposition + Lok ,18,,
404,obísk (-a),noun,m ,Besuch,,9,Substantiv ,459,,
406,"obiskáti, obíšče",verb,-,besuchen,,9,"Verb, pf ",145,,
408,oblak (-a),noun,m ,Wolke,,6,Substantiv ,459,,
409,"obléči se, obléče se",verb,-,sich anziehen,,4,"Verb, pf ",145,,
410,oblíka (-e),noun,f ,Form,,9,Substantiv ,459,,
411,"obljubiti, -i",verb,-,versprechen,,13,"Verb, pf ",145,,
412,"obségati, -a",verb,-,umfassen,,16,"Verb, impf ",145,,
413,oče (-eta),noun,m ,Vater,,7,Substantiv ,459,,
414,od,prep,-,von,,12,"Präposition, Gen. ",18,,
415,"odcedíti, -í",verb,-,abtropfen,,15,"Verb, impf ",145,,
416,odlíčno,adj,-,ausgezeichnet,,9,Adverb ,208,,
417,"odločíti se, odlóči se",verb,-,sich entscheiden,,16,"Verb, pf ",145,,
419,odpreti-e,verb,-,öffnen,,10,"Verb, pf ",145,,
420,"odprt, -a, -o",adj,-,offen,,14,Adjektiv ,208,,
421,"odpŕt, -a, -o",adj,-,"offen, geöffnet",,3,Adjektiv ,208,,
422,"oglédati si, -a si",verb,-,sich anschauen,,9,"Verb, pf ",145,,
423,ôkno (-a),noun,n ,Fenster,,3,Substantiv ,459,,
424,okrog,adj,-,etwa,,14,Adverb ,208,,
425,október (-bra),noun,m ,Oktober,,1,Substantiv ,459,,
426,"okúsen -sna, -o",adj,-,lecker,,9,Adjektiv ,208,,
427,"olúpljen, -a, -o",adj,-,geschält,,15,Adjektiv ,208,,
428,omaka (-e),noun,f ,Soße,,6,Substantiv ,459,,
429,omára (-e),noun,f ,Schrank,,3,Substantiv ,459,,
431,ópera (-e),noun,f ,Oper,,1,Substantiv ,459,,
432,"opisováti, -úje",verb,-,beschreiben,,9,"Verb, impf ",145,,
433,"opráviti, -i",verb,-,"machen, erledigen",,9,"Verb, pf ",145,,
434,"oprostiti, -i",verb,-,"entschuldigen, verzeihen",,8,"Verb, pf ",145,,
435,"ópus, -a",noun,m ,Werk,,16,Substantiv ,459,,
436,organizácija (-e),noun,f ,Organisation,,1,Substantiv ,459,,
437,"organizirati, -a",verb,-,organisieren,,13,"Verb, impf/pf ",145,,
438,otrok (-a),noun,m ,Kind,,7,Substantiv ,459,,
439,pa,mix,-,denn,,13,Partikel ,32,,
440,palačinka (-e),noun,f ,Palatschinken,,5,Substantiv ,459,,
441,"pámeten, -tna, -o",adj,-,klug,,6,Adjektiv ,208,,
442,papír (-ja),noun,m ,Papier,,1,Substantiv ,459,,
443,"paprika, -e",noun,f ,Paprika,,11,Substantiv ,459,,
444,"paradižnik, -a",noun,m ,Tomate,,11,Substantiv ,459,,
445,park-a,noun,m ,Park,,9,Substantiv ,459,,
446,"parkirati, -a",verb,-,parken,,6,"Verb, pf / impf ",145,,
447,pečen krompir,noun,m ,Ofenkartoffel,,5,Substantiv ,459,,
448,"pečen, -a, -o",adj,-,"gebraten, Ofen-",,6,Adjektiv ,208,,
449,"peljati, pelje",verb,-,"bringen, führen",,9,"Verb, imp ",145,,
450,pesem (-smi),noun,-,Gedicht,,12,"Substantiv, f ",459,,
451,pesem-smi,noun,f ,"Gedicht, Lied",,9,Substantiv ,459,,
452,pésnik (-a),noun,m ,Dichter,,3,Substantiv ,459,,
453,"pesniški, -a, -o",adj,-,Gedicht-,,12,Adjektiv ,208,,
454,"peteršilj, -a",noun,m ,Petersilie,,11,"Substantiv, Sg ",459,,
455,pica (-e),noun,f ,Pizza,,5,Substantiv ,459,http://mrg.bz/q4Hb5J,"pizza,pizza1"
457,pijača (-e),noun,f ,Getränk,,14,Substantiv ,459,,
458,pire (-ja),noun,m ,Püree,,5,Substantiv ,459,,
459,pisatelj (-a),noun,m ,Schriftsteller,,13,Substantiv ,459,,
464,pismo (-a),noun,-,Brief,,12,"Substantiv, n ",459,,
465,"piti, pije",verb,-,trinken,,6,"Verb, impf ",145,,
466,pivo (-a),noun,n ,Bier,,14,Substantiv ,459,,
467,"pláčati, -a",verb,-,zahlen,,5,"Verb, pf ",145,,
468,"plemiški, -a, -o",adj,-,adelig,,12,Adjektiv ,208,,
469,"plesáti, pléše",verb,-,tanzen,,4,"Verb, impf ",145,,
471,"pobrskati, -a",verb,-,stöbern,,15,"Verb, pf ",145,,
472,"počakati, -a",verb,-,warten,,6,"Verb, pf ",145,,
473,pocéni (unveränderlich),adj,-,"billig, preiswert",,3,Adjektiv ,208,,
474,počitnice (-ø),noun,f ,Ferien,,8,"Substantiv, pl ",459,,
477,"podelíti, -í",verb,-,verleihen,,16,"Verb, pf ",145,,
478,"podzemski, -a, -o",adj,-,unterirdisch,,14,Adjektiv ,208,,
479,poezija (-e),noun,-,Dichtung,,12,"Substantiv, f ",459,,
480,"poglávje, -a",noun,n ,Kapitel,,16,Substantiv ,459,,
481,"poglédati, -m",verb,-,anschauen,,15,"Verb, pf ",145,,
482,pogósto,adj,-,oft,,16,Adverb ,208,,
483,"pogovárjati se, -a se",verb,-,sich unterhalten,,4,"Verb, impf ",145,,
484,"pohvaliti se, -i se",verb,-,sich rühmen,,14,"Verb, pf ",145,,
485,"pokazati, pokaže",verb,-,zeigen,,9,"Verb, pf ",145,,
486,poklíc (-a),noun,m ,Beruf,,2,Substantiv ,459,,
487,"poklicati, -kliče",verb,-,anrufen,,7,"Verb, pf ",145,,
488,"poklicati, pokliče",verb,-,rufen,,6,"Verb, pf ",145,,
490,pokrajinsko,adj,-,landschaftlich,,14,Adverb ,208,,
492,"polétje, (-a)",noun,-,Sommer,,15,"Substantiv, n ",459,,
493,políca (-e),noun,f ,Regal,,3,Substantiv ,459,,
495,"polnopraven, -vna, -o",adj,-,vollberechtigt,,14,Adjektiv ,208,,
496,"pomaranča, -e",noun,f ,Orange,,11,Substantiv ,459,,
497,pomarančni sok,noun,m ,Orangensaft,,5,Substantiv ,459,,
498,pomfri (-ja),noun,m ,Pommes,,5,Substantiv ,459,,
499,ponavadi,adj,-,gewöhnlich,,6,Adverb ,208,,
500,ponedeljek (-ljka),noun,m ,Montag,,6,Substantiv ,459,,
501,"ponosen, -a, -o",adj,-,stolz,,14,Adjektiv ,208,,
502,"ponudíti, ponúdi",verb,-,anbieten,,16,"Verb, pf ",145,,
504,"popeljáti, popélje",verb,-,"führen, geleiten",,2,"Verb, pf ",145,,
505,popôldne,adj,-,nachmittags,,4,Adverb ,208,,
506,posébej,adj,-,besonders,,15,Adverb ,208,,
507,"poslušati, -a",verb,-,hören,,6,"Verb, impf ",145,,
508,"posolíti, -í",verb,-,salzen,,15,"Verb, pf ",145,,
509,"posredovánje, -a",noun,n ,Vermittlung,,16,Substantiv ,459,,
510,postaja (-e),noun,f ,Haltestelle,,7,Substantiv ,459,,
511,"postati, postane",verb,-,werden,,9,"Verb, pf ",145,,
512,"postaviti (se), -i (se)",verb,-,(sich) stellen,,6,"Verb, pf ",145,,
513,postelja (-e),noun,f ,Bett,,13,Substantiv ,459,,
514,"posvéčati se, -a se",verb,-,sich widmen,,16,"Verb, impf ",145,,
515,pot (-i),noun,f ,Weg,,13,Substantiv ,459,http://mrg.bz/cLZTEm,way
516,potem,adj,-,dann,,4,Adverb ,208,,
517,potepanje-a,noun,n ,Bummel,,9,Substantiv ,459,,
518,potica (-e),noun,f ,"Hefestrudel mit verschiedenen Füllungen, z.B. Walnuss, Estragon, Mohn",,5,Substantiv ,459,,
519,"potniški-a, -o",adj,-,Passagier-,,9,Adjektiv ,208,,
520,potovanje (-a),noun,n ,Reise,,13,Substantiv ,459,,
521,"potrebováti, potrebúje",verb,-,"benötigen, brauchen",,15,"Verb, impf ",145,,
522,"povabiti, -i",verb,-,einladen,,7,"Verb, pf ",145,,
524,"povedati, pove",verb,-,sagen,,13,"Verb, pf ",145,,
525,"povzročíti, povzročí",verb,-,verursachen,,16,"Verb, pf ",145,,
526,"pozabiti, -i",verb,-,vergessen,,7,"Verb, pf ",145,,
527,pozdràv (-a),noun,m ,"Gruß, Begrüßung",,2,Substantiv ,459,,
528,"pozdrávljati, -a",verb,-,"grüßen, begrüßen",,2,"Verb, impf ",145,,
529,pozimi,adj,-,im Winter,,6,Adverb ,208,,
530,"poznati, -a",verb,-,kennen,,12,"Verb, impf ",145,,
532,pozneje,adj,-,später,,12,Adverb ,208,,
533,pragozd (-a),noun,m ,Urwald,,14,Substantiv ,459,,
534,prav,adj,-,in Ordnung,,10,Adverb ,208,,
536,pravi čaj,noun,m ,schwarzer Tee,,5,Substantiv ,459,,
537,"pravi, -a, -o",adj,-,echt,,14,Adjektiv ,208,,
538,"právi, -a, -o",adj,-,"richtig, echt",,15,Adjektiv ,208,,
540,právnik (-a),noun,m ,Jurist,,2,Substantiv ,459,,
541,"prázen -zna, -o",adj,-,leer,,3,Adjektiv ,208,,
542,praznik (-a),noun,-,Feiertag,,12,"Substantiv, m ",459,,
543,prebivalec (-lca),noun,m ,Einwohner,,14,Substantiv ,459,,
544,prebivalka (-e),noun,f ,Einwohnerin,,14,Substantiv ,459,,
546,predal (-a),noun,m ,Schublade,,8,Substantiv ,459,,
547,predavanje-a,noun,n ,Vorlesung,,9,Substantiv ,459,http://mrg.bz/GMf4vb,lecture
549,"predstavljati si, -a si",verb,-,sich vorstellen,,12,"Verb, impf ",145,,
550,predstavnik (-a),noun,-,Vertreter,,12,"Substantiv, m ",459,,
551,prehod (-a),noun,m ,Übergang,,14,Substantiv ,459,,
552,"prepevati, -a",verb,-,singen,,9,"Verb, imp ",145,,
553,prevajanje-a,noun,n ,Übersetzungsarbeit,,9,Substantiv ,459,,
554,"prevajati, -a",verb,-,übersetzen,,12,"Verb, impf ",145,,
555,Prévalje (ø),noun,Pl. f ,Ort in Slowenien,,2,Substantiv ,459,,
556,prevèč,adj,-,allzu viel,,2,Adverb ,208,,
558,prevod (-a),noun,-,Übersetzung,,12,"Substantiv, m ",459,,
559,"preživeti, -i",verb,-,verbringen,,9,"Verb, pf ",145,,
560,pri,prep,-,bei,,9,Präposition + Lok ,18,,
561,približno,adj,-,ungefähr,,14,Adverb ,208,,
562,priímek (-mka),noun,m ,Nachname,,2,Substantiv ,459,,
563,prijatelj (-a),noun,m ,Freund,,6,Substantiv ,459,,
564,prijateljica (-e),noun,f ,Freundin,,6,Substantiv ,459,,
565,"prikazan-a, -o",mix,-,dargestellt,,9,Partizip ,32,,
566,"pripraviti, -i",verb,-,"zubereiten, vorbereiten",,6,"Verb, pf ",145,,
567,"pripráviti, -i",verb,-,zubereiten,,15,"Verb, pf ",145,,
568,pristanišče-a,noun,n ,Hafen,,9,Substantiv ,459,,
569,"priti, pride",verb,-,kommen,,7,"Verb, pf ",145,,
570,"príti, príde",verb,-,"kommen, gehen",,2,"Verb, pf ",145,,
571,problem (-a),noun,m ,Problem,,13,Substantiv ,459,,
572,"prodajalka, -e",noun,f ,Verkäuferin,,11,Substantiv ,459,,
573,profesor (-ja),noun,m ,Professor,,13,Substantiv ,459,,
575,"prometen, -tna, -o",adj,-,verkehrsreich,,14,Adjektiv ,208,,
576,"prometnejši, -a, -e",adj,-,verkehrsreicher,,14,Adjektiv ,208,,
577,"prosíti, prósi",verb,-,bitten,,5,"Verb, impf ",145,,
578,"prost-a,-o",adj,-,frei,,9,Adjektiv ,208,,
579,prostor (-a),noun,m ,Platz,,6,Substantiv ,459,,
580,"prostóren -rna, -o",adj,-,geräumig,,3,Adjektiv ,208,,
581,proza (-e),noun,-,Prosa,,12,"Substantiv, f ",459,,
582,pršut (-a),noun,m ,Parmaschinken,,5,Substantiv ,459,,
583,pulover (-ja),noun,m ,Pullover,,8,Substantiv ,459,http://mrg.bz/hxVY5v,sweater
585,"puranji -a, -e",adj,-,Truthahn,,10,Adjektiv ,208,,
586,pѓvič,adj,-,das erste Mal,,2,Adverb ,208,,
587,"rad -a, -o",adj,-,gern,,4,Adverb ,208,,
590,rádio (-a),noun,m ,Radio,,1,Substantiv ,459,,
591,ravnina (-e),noun,f ,Ebene,,14,Substantiv ,459,,
592,ravno,adj,-,gerade,,6,Adverb ,208,,
593,"raznolik, -a, -o",adj,-,vielfältig,,14,Adjektiv ,208,,
594,razstava-e,noun,f ,Ausstellung,,9,Substantiv ,459,,
595,"rdeč, -a, -e",adj,-,rot,,14,Adjektiv ,208,,
597,rdeče vino,noun,n ,Rotwein,,5,Substantiv ,459,,
598,recept-a,noun,m ,Rezept,,10,Substantiv ,459,,
599,réd (-a),noun,m ,Ordnung,,2,Substantiv ,459,,
600,réka (-e),noun,f ,Fluss,,3,Substantiv ,459,,
601,rep-a,noun,m ,Schwanz,,9,Substantiv ,459,,
602,repúblika (-e),noun,f ,Republik,,1,Substantiv ,459,,
604,restavrácija (-e),noun,f ,Restaurant,,3,Substantiv ,459,,
605,"ribji-a, -e",adj,-,Fisch-,,9,Adjektiv ,208,,
606,ričet (-a),noun,m ,Gerstengraupensuppe,,5,Substantiv ,459,,
607,riž-a,noun,m/Sg ,Reis,,10,Substantiv ,459,,
608,rižota (-e),noun,f ,Risotto,,5,Substantiv ,459,,
609,"rjàv, rjáva, -o",adj,-,braun,,3,Adjektiv ,208,,
610,"roditi se, -i se",verb,-,geboren werden,,12,"Verb, impf/pf ",145,,
611,"rojstni, -a,-o",adj,-,Geburts-,,7,Adjektiv ,208,,
612,róža (-e),noun,f ,Blume,,3,Substantiv ,459,,
613,róza (unveränderlich),adj,-,rosa,,3,Adjektiv ,208,,
614,rum (-a),noun,m ,Rum,,5,Substantiv ,459,,
615,"rumèn, rumêna, -o",adj,-,gelb,,3,Adjektiv ,208,,
616,Rús (-a),noun,m ,Russe,,1,Substantiv ,459,,
617,"sadje, -a",noun,n ,Obst,,11,"Substantiv, Sg ",459,,
618,sadni čaj,noun,m ,Früchtetee,,5,Substantiv ,459,,
620,"sam, -a, -o",pron,-,"er, sie, es selbst",,6,Pronomen ,28,,
621,samo,adj,-,nur,,10,Adverb ,208,,
623,šampón (-a),noun,m ,Shampoo,,1,Substantiv ,459,,
624,še,adj,-,noch,,6,Adverb ,208,,
625,še (še danes),mix,-,noch (noch heute),,15,Partikel ,32,,
626,sendvič (-a),noun,m ,Sandwich,,5,Substantiv ,459,,
628,septêmber (-bra),noun,m ,September,,1,Substantiv ,459,,
629,sestrična-e,noun,f ,Cousine,,9,Substantiv ,459,,
630,seveda,adj,-,natürlich,,13,Adverb ,208,,
632,sever (-a),noun,m ,Norden,,8,Substantiv ,459,,
633,"severni, -a, -o",adj,-,Nord-,,14,Adjektiv ,208,,
634,severovzhod (-a),noun,m ,Nordosten,,14,Substantiv ,459,,
635,severozahod (-a),noun,m ,Nordwesten,,14,Substantiv ,459,,
636,sicer,mix,-,ansonsten,,14,Konjunktion ,32,,
637,sín (-a),noun,m ,Sohn,,2,Substantiv ,459,,
639,sirov zavitek,noun,m ,Topfenstrudel,,5,Substantiv ,459,,
640,"sív -a, -o",adj,-,grau,,3,Adjektiv ,208,,
641,skladišče-a,noun,n ,Lager,,9,Substantiv ,459,,
642,škoda,mix,-,schade,,11,Interjektion ,32,,
643,škoda-e,noun,f ,Schade,,10,Substantiv ,459,,
644,skuhati -am,verb,-,(fertig) kochen,,10,"Verb, pf ",145,,
645,"skúhati, -a",verb,-,kochen,,15,"Verb, pf ",145,,
646,skupaj,adj,-,zusammen,,6,Adverb ,208,,
647,skúpaj,adj,-,"zusammen, gemeinsam",,15,Adverb ,208,,
648,"slab -a, -o",adj,-,schlecht,,13,Adjektiv ,208,,
651,sladice,noun,f ,Nachspeisen,,5,"Substantiv, pl ",459,,
652,sladoled (-a),noun,m ,Eiscreme,,5,Substantiv ,459,,
653,slavistika (-e),noun,f ,Slawistik,,6,Substantiv ,459,,
654,slika-e,noun,f ,Bild,,9,Substantiv ,459,,
655,"slikati, -a",verb,-,malen,,4,"Verb, impf ",145,,
656,"sliva, -e",noun,f ,Pflaume,,11,Substantiv ,459,,
657,Slovénija (-e),noun,f ,Slowenien,,1,Substantiv ,459,,
658,slovenščina (-e),noun,-,slowenische Sprache,,12,"Substantiv, f ",459,,
659,"slovenski -a, -o",adj,-,slowenisch,,13,Adjektiv ,208,,
662,"slovensko-hrvaški, -a, -o",adj,-,slowenisch-kroatisch,,14,Adjektiv ,208,,
663,smetana-e,noun,f/Sg ,Sahne,,10,Substantiv ,459,,
664,"smučati, -a",verb,-,Ski fahren,,4,"Verb, impf ",145,,
665,sôba (-e),noun,f ,Zimmer,,3,Substantiv ,459,,
667,sok (-a),noun,m ,Saft,,5,Substantiv ,459,,
669,šólar (-ja),noun,m ,Schüler,,2,Substantiv ,459,,
670,solata (-e),noun,f ,Salat,,5,Substantiv ,459,,
672,sónce (-a),noun,n ,Sonne,,2,Substantiv ,459,http://mrg.bz/Tv8cv1,sun
673,sôsed (-a),noun,m ,Nachbar,,2,Substantiv ,459,,
675,"sosednji, -a, -e",adj,-,Nachbar-,,14,Adjektiv ,208,,
676,sošólec (-lca),noun,m ,Mitschüler,,2,Substantiv ,459,,
678,špageti,noun,m ,Spaghetti,,5,"Substantiv, pl ",459,http://mrg.bz/wC1P4O,pasta
679,"speči, speče",verb,-,(fertig) backen,,10,"Verb, pf ",145,,
680,"špinača, -e",noun,f ,Spinat,,11,"Substantiv, Sg ",459,,
681,spodaj,adj,-,unten,,8,Adverb ,208,,
682,spomenik (-a),noun,m ,Denkmal,,8,Substantiv ,459,,
683,"spomniti se, -i se",verb,-,sich erinnern,,12,"Verb, pf ",145,,
684,"spomniti, -i (na+Akk)",verb,-,erinnern an,,7,"Verb, pf ",145,,
685,špórt (-a),noun,m ,Sport,,1,Substantiv ,459,,
686,"spoštován -a, -o",adj,-,geehrt,,2,Adjektiv ,208,,
687,spotoma,adj,-,unterwegs,,6,Adverb ,208,,
688,"spraševati, -šuje",verb,-,fragen,,7,"Verb, impf ",145,,
689,sprehod-oda,noun,m ,Spaziergang,,9,Substantiv ,459,,
690,spretno,adj,-,geschickt,,6,Adverb ,208,,
691,"sréčati, -a",verb,-,treffen,,2,"Verb, pf ",145,,
693,stanovánje (-a),noun,n ,Wohnung,,3,Substantiv ,459,,
694,stanovati-uje,verb,-,wohnen,,9,"Verb, imp ",145,,
695,"stàr , stára, stáro",adj,-,alt,,2,Adjektiv ,208,,
698,"starejši, -a, -e",adj,-,älter,,14,Adjektiv ,208,,
699,stárost (-i),noun,f ,Alter,,2,Substantiv ,459,,
700,starši (-ev),noun,"m, Pl. ",Eltern,,7,Substantiv ,459,,
702,"stati,stoji",verb,-,stehen,,9,"Verb, imp ",145,,
703,stávba (-e),noun,f ,Gebäude,,3,Substantiv ,459,,
704,števílka (-e),noun,f ,Nummer,,2,Substantiv ,459,,
705,"štirje, štiri",mix,-,vier,,10,Numerale ,32,,
706,stol (-a),noun,m ,Stuhl,,8,Substantiv ,459,http://mrg.bz/LAVMLr,chair
708,stran (-i),noun,f ,Seite,,8,Substantiv ,459,,
709,stríc (-a),noun,m ,Onkel,,2,Substantiv ,459,,
711,študènt (-a),noun,m ,Student,,1,Substantiv ,459,,
712,"študirati, -a",verb,-,studieren,,4,"Verb, impf ",145,,
713,"stuširati se, -a se",verb,-,duschen,,4,"Verb, pf ",145,,
714,stvar (-i),noun,f ,Sache,,8,Substantiv ,459,,
715,súper,adj,-,super,,2,Adverb ,208,,
716,svetlo pivo,noun,n ,helles Bier,,5,Substantiv ,459,http://mrg.bz/uyFUbJ,lightbeer
717,Sveto pismo (-ega -a),noun,-,Heilige Schrift,,12,"Substantiv, n ",459,,
718,"svež, -a, -e",adj,-,frisch,,6,Adjektiv ,208,,
719,"ta, ta, to",pron,-,"dieser, diese, dieses",,13,"Demonstrativpronomen, m/f/n ",28,,
720,"tá, tá, tó",pron,-,das,,3,Demonstrativpronomen ,28,,
721,takó,adj,-,so,,2,Adverb ,208,,
722,takój,adj,-,sofort,,5,Adverb ,208,,
724,tam,adj,-,dort,,13,Adverb ,208,,
726,"tánek -nka, -o",adj,-,dünn,,3,Adjektiv ,208,,
727,teden-dna,noun,m ,Woche,,9,Substantiv ,459,,
728,telefón (-a),noun,m ,Telefon,,1,Substantiv ,459,http://mrg.bz/kFA3wa,"telephone,telephone1"
730,"telefónski -a, -o",adj,-,Telefon-,,2,Adjektiv ,208,,
731,televizija (-e),noun,f ,Fernsehen,,6,Substantiv ,459,,
732,"telovaditi, -i",verb,-,turnen,,4,"Verb, impf ",145,,
733,temno pivo,noun,n ,dunkles Bier,,5,Substantiv ,459,http://mrg.bz/oVLrp8,darkbeer
734,tést (-a),noun,m ,Test,,1,Substantiv ,459,,
735,teta-e,noun,f ,Tante,,10,Substantiv ,459,,
737,tja,adj,-,dorthin,,9,Adverb ,208,,
738,točeno pivo,noun,n ,gezapftes Bier,,5,Substantiv ,459,,
739,toliko,adj,-,so viel,,14,Adverb ,208,,
740,topli napitki,noun,m ,Heisse Getränke,,5,Substantiv /pl ,459,,
741,torba-e,noun,f ,Tasche,,9,Substantiv ,459,,
742,torta (-e),noun,f ,Torte,,5,Substantiv ,459,,
743,tŕg (-a),noun,m ,"Platz, Markt",,3,Substantiv ,459,,
744,trgovína (-e),noun,f ,Geschäft,,8,Substantiv ,459,,
746,"tržnica, -e",noun,f ,Markt,,11,Substantiv ,459,,
747,tudi,mix,-,auch,,4,Konjunktion ,32,,
748,"tuj, -a, -e",adj,-,fremd,,14,Adjektiv ,208,,
749,tukaj,adj,-,hier,,10,Adverb ,208,,
751,turíst (-a),noun,m ,Turist,,1,Substantiv ,459,,
752,"turístičen, -a, -o",adj,-,touristisch,,15,Adjektiv ,208,,
753,"turistični, -a, -o",adj,-,Tourist-,,6,Adjektiv ,208,,
754,"tvój, tvôja, -e",pron,-,dein,,3,Possessivpronomen ,28,,
755,učíteljica (-e),noun,f ,Lehrerin,,2,Substantiv ,459,,
756,učiti-i,verb,-,unterrichten,,9,"Verb, imp ",145,,
757,úlica (-e),noun,f ,Straße,,8,Substantiv ,459,,
758,umétnik (-a),noun,m ,Künstler,,2,Substantiv ,459,,
759,"umreti, -e",verb,-,sterben,,12,"Verb, pf ",145,,
760,unija (-e),noun,f ,Union,,14,Substantiv ,459,,
762,univêrza (-e),noun,f ,Universität,,1,Substantiv ,459,,
763,"upati, -a",verb,-,hoffen,,13,"Verb, impf ",145,,
764,uporabiti-i,verb,-,verwenden,,9,"Verb, pf ",145,,
766,ura (-e),noun,f ,Stunde,,6,Substantiv ,459,,
767,úra (-e),noun,f ,"Uhr, Stunde",,1,Substantiv ,459,,
768,urnik-a,noun,m ,Stundenplan,,9,Substantiv ,459,,
769,"uspešen, -šna, -o",adj,-,erfolgreich,,14,Adjektiv ,208,,
770,"uspešnejši, -a, -e",adj,-,erfolgreicher,,14,Adjektiv ,208,,
771,"utrújen, -a, -o",adj,-,müde,,6,Adjektiv ,208,,
772,v,prep,-,in,,13,"Präposition, Akk. ",18,,
773,vabilo (-a),noun,n ,Einladung,,7,Substantiv ,459,,
774,vaza (-e),noun,f ,Vase,,7,Substantiv ,459,,
775,včasih,adj,-,manchmal,,6,Adverb ,208,,
777,večér (-a),noun,m ,Abend,,2,Substantiv ,459,,
778,večerja (-e),noun,f ,Abendessen,,6,Substantiv ,459,,
780,"večji, -a, -e",adj,-,größer,,14,Adjektiv ,208,,
781,večkrat,adj,-,öfter,,9,Adverb ,208,,
782,"vedeti, ve",verb,-,wissen,,14,Verb/impf ,145,,
783,vedno,adj,-,immer,,10,Adverb ,208,,
784,vegetarijánec (-nca),noun,m ,Vegetarier,,1,Substantiv ,459,,
785,"velik, -a, -o",adj,-,groß,,14,Adjektiv ,208,,
787,veliko,adj,-,viel,,12,Adverb ,208,,
788,veliko pivo,noun,n ,großes Bier,,5,Substantiv ,459,,
789,vendar,mix,-,aber,,6,Konjunktion ,32,,
790,"vesel, -a,-o",adj,-,froh,,7,Adjektiv ,208,,
791,"veseliti se, -i se",verb,-,sich freuen,,13,"Verb, impf ",145,,
793,veselje-a,noun,n ,Freude,,9,Substantiv ,459,,
794,"vídeti, -i",verb,-,sehen,,8,"Verb, impf / pf ",145,,
797,vino (-a),noun,n ,Wein,,5,Substantiv ,459,http://mrg.bz/DAmoAa,"wine,wine1"
799,"visok, -a, -o",adj,-,hoch,,14,Adjektiv ,208,,
800,vitamin (-a),noun,m ,Vitamin,,6,Substantiv ,459,,
801,víza (-e),noun,f ,Visa,,1,Substantiv ,459,,
802,vôda (-e),noun,f ,Wasser,,5,Substantiv ,459,,
803,vrata-ø,noun,n/Pl ,Tür,,10,Substantiv ,459,,
804,vreme (-mena),noun,n ,Wetter,,13,Substantiv ,459,,
805,"vrniti se, vrne se",verb,-,zurückkehren,,6,"Verb, pf ",145,,
806,vroča čokolada (-e/-e),noun,f ,Heiße Schokolade (sehr dickflüssig),,5,Substantiv ,459,,
807,vrtnica (-e),noun,f ,Rose,,7,Substantiv ,459,,
808,"vsak -a, -o",adj,-,jeder,,4,Adjektiv ,208,,
809,vsè,adj,-,alles,,5,Adverb ,208,,
810,vsi,pron,-,alle,,7,Pronom ,28,,
813,"vstati, vstane",verb,-,"aufstehen, sich erheben",,4,"Verb, pf ",145,,
814,"vzéti, vzáme, vzemi!",verb,-,nehmen,,15,"Verb, pf ",145,,
815,vzhòd (-óda),noun,m ,Osten,,8,Substantiv ,459,,
816,z,prep,-,aus,,2,Präposition (+Gen) ,18,,
817,z ali brez,mix,-,mit oder ohne (Sahne),,5,Redewendung ,32,,
819,zabava (-e),noun,f ,"Fest, Party",,7,Substantiv ,459,,
820,"zabavati se, -a se",verb,-,"sich unterhalten, sich vergnügen",,4,"Verb, impf ",145,,
821,začetek (-tka),noun,-,Anfang,,12,"Substantiv, m ",459,,
822,"začéti, -čnè",verb,-,"anfangen, beginnen",,8,"Verb, pf ",145,,
823,"začeti, začne",verb,-,anfangen,,6,"Verb, pf ",145,,
824,zádaj,adj,-,hinten,,3,Adverb ,208,,
825,zahajati-a,verb,-,hingehen,,9,"Verb, imp ",145,,
826,zahòd (-óda),noun,m ,Westen,,8,Substantiv ,459,,
827,"zahteven-vna, -o",adj,-,anspruchsvoll,,9,Adjektiv ,208,,
828,"zahvaliti se, -i se",verb,-,danken,,7,"Verb, pf ",145,,
829,zajtrk (-a),noun,m ,Frühstück,,4,Substantiv ,459,,
830,"zajtrkovati, zajtrkuje",verb,-,frühstücken,,4,"Verb, impf ",145,,
831,zakaj,adj,-,warum,,13,Adverb ,208,,
832,žal,adj,-,leider,,11,Adverb ,208,,
834,"zanimiv-a, -o",adj,-,interessant,,9,Adjektiv ,208,,
836,"zanimivejši, -a, -e",adj,-,interessanter,,14,Adjektiv ,208,,
839,"zapeljati, zapelje",verb,-,fahren,,6,"Verb, pf ",145,,
840,"zapolnjen-a, -o",adj,-,voll,,9,Adjektiv ,208,,
841,"zapréti, -è",verb,-,zumachen,,5,"Verb, pf ",145,,
842,žargón (-a),noun,m ,Jargon,,1,Substantiv ,459,,
843,"zaspan, -a, -o",adj,-,schläfrig,,6,Adjektiv ,208,,
844,zavitek (-tka),noun,m ,Strudel,,5,Substantiv ,459,,
845,zbirka (-e),noun,-,Sammlung,,12,"Substantiv, f ",459,,
846,zdaj,adj,-,jetzt,,9,Adverb ,208,,
847,"zdrav, -a, -o",adj,-,gesund,,6,Adjektiv ,208,,
849,že,adj,-,schon,,13,Adverb ,208,,
850,zébra (-e),noun,f ,Zebra,,1,Substantiv ,459,http://mrg.bz/1vT9RP,"zebra,zebra1"
851,"zelèn, zelêna, -o",adj,-,grün,,3,Adjektiv ,208,,
852,zelena solata,noun,f ,grüner Salat,,5,Substantiv ,459,,
853,zeleni čaj,noun,m ,grüner Tee,,5,Substantiv ,459,,
855,zelenjavna juha,noun,f ,Gemüsesuppe,,5,Substantiv ,459,,
856,"želeti, -i",verb,-,wünschen,,11,"Verb, imp ",145,,
857,"želézniška postája (-e, -e)",adj,-,Bahn-Bahnhof,,8,Adjektiv ,208,,
858,"zelje, -a",noun,n ,Kohl,,11,"Substantiv, Sg ",459,,
859,"zélje, (-a)",noun,-,"Kohl, Sauerkraut",,15,"Substantiv, m ",459,,
860,zelo,adj,-,sehr,,9,Adverb ,208,,
862,žena (-e),noun,f ,Ehefrau,,7,Substantiv ,459,,
863,žganci,noun,m ,Getreidebrei,,5,"Substantiv, pl ",459,,
864,zgodaj,adj,-,früh,,13,Adverb ,208,,
865,zgodba-e,noun,f ,Geschichte,,9,Substantiv ,459,,
866,"zgodovinski-a, -o",adj,-,Geschichts-,,9,Adjektiv ,208,,
867,zgôraj,adj,-,oben,,3,Adverb ,208,,
868,Zimbabve (-ja),noun,m ,Simbabwe,,1,Substantiv ,459,,
869,živeti-i,verb,-,leben,,9,"Verb, imp ",145,,
873,življenje (-a),noun,-,Leben,,12,"Substantiv, n ",459,,
874,zjutraj,adj,-,"morgens, am Morgen",,4,Adverb ,208,,
876,"zméšati, -a",verb,-,zusammenmischen,,15,"Verb, pf ",145,,
877,znamenitost-i,noun,f ,Sehenswürdigkeit,,9,Substantiv ,459,,
878,"znan -a, -o",adj,-,bekannt,,13,Adjektiv ,208,,
879,"znati, -a",verb,-,können,,12,"Verb, impf ",145,,
881,zófa (-e),noun,f ,Sofa,,1,Substantiv ,459,http://mrg.bz/CaA89c,couch
882,zraven,prep,-,"daneben, mit-",,13,"Präposition, Gen. ",18,,
883,zrezek (-zka),noun,m ,Schnitzel,,13,Substantiv ,459,,
886,zvečer,adj,-,"abends, am Abend",,4,Adverb ,208,,
887,zvečér,adj,-,"am Abend, abends",,15,Adverb ,208,,
888,"zvédeti, zvé",verb,-,erfahren,,6,"Verb, pf ",145,,
889,zvoniti-i,verb,-,klingeln,,10,"Verb, impf ",145,,
