foreignWord,pos,gen,nativeWord,translate,les,fullpos,pos_freq,pics,downloaded
(-ega -a),noun,m ,Gemüseteller,0,5,Substantiv ,459,,
(-ih/-ø),noun,f ,alkoholfreie Getränke,0,5,Substantiv /pl ,459,,
abecednik (-a),noun,-,Fibel (erstes Lesebuch),0,12,"Substantiv, m ",459,,
adíjo,mix,-,Tschüß,,2,Interjektion ,32,,
agéncija (-e),noun,-,Agentur,,15,"Substantiv, f ",459,,
alkoholne pijače,noun,f ,alkoholische Getränke,,5,Substantiv /pl ,459,,
Alpe (-ø),noun,f/Pl ,Alpen,,14,Substantiv ,459,,
"alpski, -a, -o",adj,-,Alpen-,,14,Adjektiv ,208,,
àmpak,mix,-,"aber, sondern",,4,Konjunktion ,32,,
apríl (-a),noun,m ,April,,1,Substantiv ,459,,
arhitékt (-a),noun,m ,Architekt,,1,Substantiv ,459,,
Avstrija (-e),noun,f ,Österreich,,14,Substantiv ,459,,
Ávstrija (-e),noun,f ,Österreich,,2,Substantiv ,459,,
ávto (-a),noun,m ,Auto,,1,Substantiv ,459,,
"avtobusni, -a, -o",adj,-,Bus- (in Komposita),0,7,Adjektiv ,208,,
avtomobíl (-a),noun,m ,Auto (im Dual und Plural anstelle von avto gebraucht),Auto,6,Substantiv ,459,http://mrg.bz/z5xfUe,car
avtor (-ja),noun,-,Author,,12,"Substantiv, m ",459,,
bábica (-e),noun,f ,Oma,,9,Substantiv ,459,,
banána (-e),noun,f ,Banane,,1,Substantiv ,459,http://mrg.bz/XhT9qz,bananas
bánka (-e),noun,f ,Bank,,1,Substantiv ,459,,
bankomat (-a),noun,m ,Geldautomat,,8,Substantiv ,459,,
bár (-a),noun,m ,Bar,,3,Substantiv ,459,,
"bati se, boji se",verb,-,sich fürchten,,10,"Verb, impf ",145,,
"bél -a, -o",adj,-,weiß,,3,Adjektiv ,208,,
bela kava,noun,f ,Milchkaffee,,5,Substantiv ,459,,
belo vino,noun,n ,Weißwein,,5,Substantiv ,459,,
beséda (-e),noun,f ,Wort,,1,Substantiv ,459,,
besedílo (-a),noun,n ,Text,,9,Substantiv ,459,,
besedíšče (-a),noun,n ,Vokabelliste,,1,Substantiv ,459,,
béž (auch beige)(unveränderlich),adj,-,beige,,3,Adjektiv ,208,,
bi,mix,-,würde,,5,"Partikel, (Konditionalmorphem) ",32,,
biblija (-e),noun,-,Bibel,,12,"Substantiv, f ",459,,
biologíja (-e),noun,f ,Biologie,,1,Substantiv ,459,,
"bíti, je",verb,-,sein,,2,"Verb, impf ",145,,
blizu,adj,-,in der Nähe,,8,Adverb ,208,,
bôlj,adj,-,mehr,,2,"Adverb, Komparativ ",208,,
"boljši, -a, -e",adj,-,besser,,14,Adjektiv ,208,,
"brálec, -lca",noun,m ,Leser,,16,Substantiv ,459,,
"branjevka, -e",noun,f ,Markthändlerin / Gemüsefrau,,11,Substantiv ,459,,
"brati, bere",verb,-,lesen,,12,"Verb, impf ",145,,
"bráti, bêre",verb,-,lesen,,4,"Verb, impf ",145,,
čaj (-a),noun,m ,Tee,,5,Substantiv ,459,,
čas (-a),noun,m ,Zeit,,13,Substantiv ,459,,
čàs (čása),noun,m ,Zeit,,9,Substantiv ,459,,
časopis (-a),noun,m ,Zeitung,,13,Substantiv ,459,,
časopís (-a),noun,m ,Zeitung,,6,Substantiv ,459,,
Čéh (-a),noun,m ,Tscheche,,1,Substantiv ,459,,
"cél, -a, -o",adj,-,ganz,,15,Adjektiv ,208,,
celo,adj,-,sogar,,14,Adverb ,208,,
cénter (-tra),noun,m ,Zentrum,,1,Substantiv ,459,,
cerkev (-kve),noun,f ,Kirche,,8,Substantiv ,459,,
"češnja, -e",noun,f ,Kirsche,,11,Substantiv ,459,,
čevapčiči,noun,m ,Cevapcici,,5,"Substantiv, pl ",459,,
čevelj (-vlja),noun,m ,Schuh,,8,Substantiv ,459,http://mrg.bz/CVsOCf,shoe
čez,prep,-,-,,6,Präposition,18,,
cigaréta (-e),noun,f ,Zigarette,,1,Substantiv ,459,http://mrg.bz/mMv1mX,cigarette
"čigáv -a, -o",pron,-,wessen,,3,Interrogativpronom ,28,,
Číle (-a),noun,m ,Chile,,9,Substantiv ,459,,
cílj (-a),noun,m ,Ziel,,1,Substantiv ,459,,
číps (-a),noun,m ,Kartoffelchips,,1,Substantiv ,459,http://mrg.bz/JCGHDA,chips
član (-a),noun,m ,Mitglied,,14,Substantiv ,459,,
"článek, -a",noun,m ,Artikel,,16,Substantiv ,459,,
cmok (-a),noun,m ,Knödel,,5,Substantiv ,459,,
čokoláda (-e),noun,f ,Schokolade,,1,Substantiv ,459,,
"črn -a, -o",adj,-,schwarz,,13,Adjektiv ,208,,
črtica (-e),noun,-,Kurzgeschichte,,12,"Substantiv, f ",459,,
Cukrarna (-e),noun,-,ehemalige Zuckerfabrik in Ljubljana,0,12,"Substantiv, f ",459,,
da,mix,-,um ... zu,,6,Konjunktion ,32,,
"daljši, -a, -e",adj,-,länger,,14,Adjektiv ,208,,
dan (dneva),noun,m ,Tag,,7,Substantiv ,459,,
dán (dnéva),noun,m ,Tag,,4,Substantiv ,459,,
dán (dnéva),noun,m ,Tag,,2,Substantiv ,459,,
danes,adj,-,heute,,12,Adverb ,208,,
darilo (-a),noun,n ,Geschenk,,7,Substantiv ,459,,
"dáti, -a",verb,-,geben,,15,"Verb, pf ",145,,
"dati, da",verb,-,geben,,7,"Verb, pf ",145,,
"dêbel debéla, -o",adj,-,dick,,3,Adjektiv ,208,,
december (-bra),noun,-,Dezember,,12,"Substantiv, m ",459,,
decêmber (-bra),noun,m ,Dezember,,1,Substantiv ,459,,
dédek (-dka),noun,m ,Opa,,9,Substantiv ,459,,
"dél, -a",noun,m ,Teil,,16,Substantiv ,459,,
"délati, -a",verb,-,machen,,4,"Verb, impf ",145,,
"délaven, -vna, -o",adj,-,fleißig,,6,Adjektiv ,208,,
delo (-a),noun,-,"Arbeit, Werk",,12,"Substantiv, n ",459,,
délo (-a),noun,n ,Arbeit,,9,Substantiv ,459,,
désna (-e),noun,f ,rechte Seite,,3,Substantiv ,459,,
"deževáti, dežúje",verb,-,regnen,,6,"Verb, impf ",145,,
diplóma (-e),noun,f ,Diplom,,1,Substantiv ,459,,
dísko (-a),noun,m ,Disko,,1,Substantiv ,459,http://morguefile.com/archive/display/196495,disco
do,prep,-,nach,,13,"Präposition, Gen. ",18,,
"dober -bra, -o",adj,-,gut,,10,Adjektiv ,208,,
"dober, -bra, -o",adj,-,gut,,14,Adjektiv ,208,,
"dóber, dôbra, dôbro",adj,-,gut,,2,Adjektiv ,208,,
"dobíti se, -ì se",verb,-,sich treffen,,9,"Verb, pf ",145,,
dobro,adj,-,gut,,7,Adverb ,208,,
dôbro,adj,-,gut,,2,Adverb ,208,,
"dodáti, -á",verb,-,hinzufügen,,15,"Verb, pf ",145,,
Dolenjska (-e),noun,-,Landschaft südlich von Ljubljana,0,12,"Substantiv, f ",459,,
"dolg, -a, -o",adj,-,lang,,14,Adjektiv ,208,,
dólgčas (-a),noun,m ,Langeweile,,9,Substantiv ,459,,
dólgo,adj,-,lange,,6,Adverb ,208,,
dolina (-e),noun,f ,Tal,,14,Substantiv ,459,,
doma,adj,-,zu Hause,,10,Adverb ,208,,
domov,adj,-,nach Hause,,13,Adverb ,208,,
domôv,adj,-,nach Hause,,6,Adverb ,208,,
dopôldne,adj,-,vormittags,,4,Adverb ,208,,
"doséči, doséže",verb,-,erreichen,,16,"Verb, pf ",145,,
družina (-e),noun,-,Familie,,12,"Substantiv, f ",459,,
država (-e),noun,f ,Staat,,14,Substantiv ,459,,
držáva (-e),noun,f ,Staat,,2,Substantiv ,459,,
"držávna nagráda, -e, -e",noun,f ,Staatspreis,,16,Adjektiv/Substantiv ,459,,
Dúnaj (-a),noun,m ,Wien,,2,Substantiv ,459,,
ekonomíja (-e),noun,f ,Ökonomie,,1,Substantiv ,459,,
ekspreso (-a),noun,m ,Espresso,,5,Substantiv ,459,,
enolončnica (-e),noun,f ,Eintopf,,5,Substantiv ,459,,
esej (-a),noun,m ,Essay,,13,Substantiv ,459,,
évro (-a),noun,m ,Euro,,1,Substantiv ,459,,
Evrópa (-e),noun,f ,Europa,,1,Substantiv ,459,,
"Evropski, -a, -o",adj,-,europäisch,,14,Adjektiv ,208,,
faks-a,noun,m ,Fakultät (umgangssprachlich),0,10,Substantiv ,459,,
fakulteta (-e),noun,f ,Fakultät,,13,Substantiv ,459,,
fakultéta (-e),noun,f ,Fakultät,,1,Substantiv ,459,,
februar (-ja),noun,-,Februar,,12,"Substantiv, m ",459,,
fébruar (-ja),noun,m ,Februar,,1,Substantiv ,459,,
filharmonija (-e),noun,f ,Philharmonie,,8,Substantiv ,459,,
"fílmski -a, -o",adj,-,Film-,,9,Adjektiv ,208,,
filozofíja (-e),noun,f ,Philosophie,,1,Substantiv ,459,,
"filozófski -a, -o",adj,-,philosophisch,,3,Adjektiv ,208,,
"filozófski, -a, -o",adj,-,philosophisch,,6,Adjektiv ,208,,
fižôl (fižóla),noun,-,Bohne,,15,"Substantiv, m ",459,,
"fižol, -a",noun,m ,Bohne,,11,"Substantiv, Sg ",459,,
Francóz (-a),noun,m ,Franzose,,9,Substantiv ,459,,
galerija (-e),noun,f ,Galerie,,13,Substantiv ,459,,
galeríja (-e),noun,f ,Galerie,,1,Substantiv ,459,,
garáža (-e),noun,f ,Garage,,1,Substantiv ,459,http://mrg.bz/FYzbmP,garage
geografíja (-e),noun,f ,Geographie,,1,Substantiv ,459,,
gibanica (-e),noun,f ,"Strudelähnliche Süßspeise mit Mohn, Quark und Äpfel",0,5,Substantiv ,459,,
"glavni, -a, -o",adj,-,Haupt-,,14,Adjektiv ,208,,
golaž (-a),noun,m ,Gulasch,,5,Substantiv ,459,,
gora (-e),noun,f ,Berg,,14,Substantiv ,459,http://mrg.bz/VzjpkR,mountain
Gorenjska (-e),noun,-,Landschaft nordwestlich von Ljubljana,0,12,"Substantiv, f ",459,,
gospá (-e),noun,f ,Frau,,2,Substantiv ,459,,
gospód (-a),noun,m ,Herr,,2,Substantiv ,459,,
gospodíčna (-e),noun,f ,Fräulein,,2,Substantiv ,459,,
gost (-a),noun,m ,Gast,,14,Substantiv ,459,,
gotôvo,adj,-,fertig,,15,Adverb ,208,,
goveja juha,noun,f ,Rinderbrühe,,5,Substantiv ,459,,
"govoriti, -i",verb,-,erzählen,,13,"Verb, impf ",145,,
Gradec (-dca),noun,-,slowenischer Name für Graz,0,12,"Substantiv, m ",459,,
"grozdje, -a",noun,n ,Weintrauben,,11,"Substantiv, Sg ",459,,
haló,mix,-,Hallo,,1,Interjektion ,32,,
harmónika (-e),noun,f ,Akkordeon,,9,Substantiv ,459,,
hčerka (-e),noun,f ,Tochter,,7,Substantiv ,459,,
híša (-e),noun,f ,Haus,,3,Substantiv ,459,,
"híšni -a, -o",adj,-,Haus-,,2,Adjektiv ,208,,
hítro,adj,-,schnell,,6,Adverb ,208,,
hladílnik (-a),noun,-,Kühlschrank,,15,"Substantiv, m ",459,http://mrg.bz/Tv2yXe,freezer
hóbi (-ja),noun,m ,Hobby,,1,Substantiv ,459,,
"hoditi, -i",verb,-,gehen,,13,"Verb, impf ",145,,
"hoditi, hodi",verb,-,gehen,,8,"Verb, impf ",145,,
"hodíti, hódi",verb,-,(herum) gehen,,9,"Verb, impf ",145,,
hodnik (-a),noun,m ,Flur,,8,Substantiv ,459,,
hotél (-a),noun,m ,Hotel,,1,Substantiv ,459,,
"hruška, -e",noun,f ,Birne,,11,Substantiv ,459,,
hudo-ega,noun,n ,Übel,,10,Substantiv ,459,,
hvála,mix,-,Danke,,5,Interjektion ,32,,
hvála (-e),noun,f ,Dank,,2,Substantiv ,459,,
idêja (-e),noun,f ,Idee,,1,Substantiv ,459,,
imé (-ena),noun,n ,"Name, Vorname",,2,Substantiv ,459,,
"imenovati se, imenujem se",verb,-,sich nennen,,12,"Verb, impf ",145,,
"iméti, imá",verb,-,haben,,2,"Verb, impf ",145,,
"iméti, imà",verb,-,haben,,5,"Verb, impf ",145,,
ín,mix,-,und,,4,Konjunktion ,32,,
informácija (-e),noun,f ,Information,,6,Substantiv ,459,,
internét (-a),noun,-,Internet,,15,"Substantiv, m ",459,,
ínternét (-a),noun,f ,Internet,,1,Substantiv ,459,,
inženír (-ja),noun,m ,Ingenieur,,1,Substantiv ,459,,
"iskati , išče",verb,-,suchen,,8,"Verb, impf ",145,,
Italija (-e),noun,f ,Italien,,14,Substantiv ,459,,
iti iskat,verb,-,gehen,,7,"Verb, pf / impf ",145,,
"iti, gre",verb,-,gehen,,10,"Verb, impf/pf ",145,,
"íti, gré",verb,-,gehen,,2,"Verb, pf / impf ",145,,
iz,prep,-,"aus, von",,13,"Präposition, Gen. ",18,,
"izdajátelj, -a",noun,m ,Herausgeber,,16,Substantiv ,459,,
"izdati, -a",verb,-,herausgeben,,12,"Verb, pf ",145,,
izgovarjáva (-e),noun,f ,Aussprache,,1,Substantiv ,459,,
izlet (-a),noun,m ,Ausflug,,13,Substantiv ,459,,
izlèt (-éta),noun,m ,Ausflug,,9,Substantiv ,459,,
izmed,prep,-,unter,,14,"Präposition, Gen ",18,,
"izvirati, -a",verb,-,stammen,,12,"Verb, impf ",145,,
"izvoli, -ta, -te",mix,-,bitte!,,15,Imperativ ,32,,
"izvóli, -ta, -te",mix,-,bitte!,,5,Imperativ ,32,,
"izvóliti, -i",verb,-,wählen,,5,"Verb, pf und impf ",145,,
"izvolíti, -m",verb,-,wählen,,15,"Verb, pf, impf ",145,,
jabolčni sok,noun,m ,Apfelsaft,,5,Substantiv ,459,,
jabolčni zavitek,noun,m ,Apfelstrudel,,5,Substantiv ,459,,
"jabolko, -a",noun,n ,Apfel,,11,Substantiv ,459,,
"jadranski, -a, -o",adj,-,Adria-,,14,Adjektiv ,208,,
"jagoda, -e",noun,f ,Erdbeere,,11,Substantiv ,459,,
jákna (-e),noun,f ,Jacke,,9,Substantiv ,459,,
jama (-e),noun,f ,"Höhle, Grotte",,14,Substantiv ,459,,
jánuar (-ja),noun,m ,Januar,,1,Substantiv ,459,,
jedi,noun,f ,Speisen,,5,"Substantiv, pl ",459,,
jesén (-i),noun,f ,Herbst,,9,Substantiv ,459,,
jeséni,adj,-,im Herbst,,9,Adverb ,208,,
jezik (-a),noun,-,Sprache,,12,"Substantiv, m ",459,,
"jêzik, -íka",noun,m ,Sprache,0,16,Substantiv ,459,,
jógurt (-a),noun,m ,Joghurt,,1,Substantiv ,459,,
"jogurt, -a",noun,m ,Joghurt,0,11,Substantiv ,459,,
joj,mix,-,oh,,10,Interjektion ,32,,
jòj,mix,-,oh,,3,Interjektion ,32,,
jota (-e),noun,f ,Eintopf aus sauren Rüben,0,5,Substantiv ,459,,
jug (-a),noun,m ,Süden,,8,Substantiv ,459,,
jugozahod (-a),noun,m ,Südwesten,,14,Substantiv ,459,,
juha (-e),noun,f ,Suppe,,5,Substantiv ,459,,
juha-e,noun,f ,Suppe,,10,Substantiv ,459,,
júnij (-a),noun,m ,Juni,,1,Substantiv ,459,,
jutri,adj,-,morgen,,13,Adverb ,208,,
kaj (česa),pron,-,etwas,,11,Pronomen ,28,,
"kaj, česa",pron,-,(et)was,,10,Indefinitpronomen ,28,,
"káj, čésa",pron,-,was,,3,Fragepronomen ,28,,
kakav (-a),noun,m ,Kakao,,5,Substantiv ,459,,
kakó,pron,-,wie,,3,Fragepronomen ,28,,
"kákšen -šna, -o",pron,-,"wie, was für ein",,3,Interrogativpronom ,28,,
"kakšen, -šna, -o",pron,-,"was für ein/eine/ein, wie",,12,Interrogativpronomen ,28,,
kam,pron,-,wohin,,13,Interrogativpronomen ,28,,
kamilični čaj,noun,m ,Kamillentee,,5,Substantiv ,459,,
kapučino (-a),noun,m ,Cappuccino,,5,Substantiv ,459,http://mrg.bz/hIzuzC,"cappucino,cappucino1"
kapučíno (-a),noun,m ,Cappuccino,,1,Substantiv ,459,,
kàr,adj,-,ziemlich,,2,Adverb ,208,,
kárta (-e),noun,f ,Karte,,1,Substantiv ,459,,
katalóg (-a),noun,-,Katalog,,15,"Substantiv, m ",459,,
kava (-e),noun,f ,Kaffee,,5,Substantiv ,459,,
káva (-e),noun,f ,Kaffee,,6,Substantiv ,459,,
kava s smetano,noun,f ,Kaffee mit Sahne,,5,Substantiv ,459,,
kdaj,pron,-,wann,,12,Interrogativpronomen ,28,,
ker,mix,-,weil,,13,Konjunktion ,32,,
"kila, -e",noun,f ,Kilogramm (umgspr.),,11,Substantiv ,459,,
"kilogram, -a",noun,m ,Kilogramm,,11,Substantiv ,459,,
kíno (-a),noun,m ,Kino,,1,Substantiv ,459,,
kiosk (-a),noun,m ,Kiosk,,8,Substantiv ,459,,
"kísel, -la, -lo",adj,-,sauer,,15,Adjektiv ,208,,
"kisla repa (-e, -e)",noun,f ,Navette-Rübchen (saure Rüben - wird wie Sauerkraut zubereitet),0,5,Substantiv ,459,,
"kislo zelje (-ega, -a)",noun,n ,Sauerkraut,,5,Substantiv ,459,,
"kitájski -a, -o",adj,-,chinesisch,,3,Adjektiv ,208,,
"kivi, -ja",noun,m ,Kiwi,,11,Substantiv ,459,http://mrg.bz/T6mtQG,kiwi
kje,pron,-,wo,,8,Interrogativpronomen ,28,,
kljúb tému,mix,-,trotzdem,,9,Konjunktion ,32,,
knjiga (-e),noun,-,Buch,,12,"Substantiv, f ",459,,
knjíga (-e),noun,f ,Buch,,3,Substantiv ,459,,
"književen -vna, -o",adj,-,Literatur-,0,13,Adjektiv ,208,,
"knjižévnost, -i",noun,f ,Literatur,,16,Substantiv ,459,,
ko,mix,-,als,,9,Konjunktion ,32,,
kokakola (-e),noun,f ,Coca Cola,,5,Substantiv ,459,http://mrg.bz/GWBE6j,coke
kokta (-e),noun,f ,slowenische Cola,,5,Substantiv ,459,,
"kolesáriti, -i",verb,-,Rad fahren,,4,"Verb, impf ",145,,
koliko,pron,-,"wieviel, wie viele",,11,Interrogativpronomen ,28,,
kônec (-nca),noun,m ,Ende,,9,Substantiv ,459,,
"kônjski -a, -o",adj,-,Pferde-,,9,Adjektiv ,208,,
kopalnica (-e),noun,f ,Bad,,8,Substantiv ,459,,
korenina (-e),noun,-,Wurzel,,12,"Substantiv, f ",459,,
"korenje, -a",noun,n ,Karotte,,11,"Substantiv, Sg ",459,http://mrg.bz/WmzcFu,carots
kosílo (-a),noun,n ,Mittagessen,,6,Substantiv ,459,,
kot,mix,-,"als, wie",,14,Konjunktion ,32,,
kòt,mix,-,als,,4,Konjunktion ,32,,
kotlet (-a),noun,m ,Kotelett,,5,Substantiv ,459,,
"kràj , krája",noun,m ,Ort,,2,Substantiv ,459,,
"kranjska klobasa (-e, -e)",noun,f ,Krainer Wurst,,5,Substantiv ,459,,
kremšnita (-e),noun,f ,Cremeschnitte,,5,Substantiv ,459,,
krompir (-ja),noun,m ,Kartoffel,,13,Substantiv ,459,http://mrg.bz/QQ9MBO,potato
krompír (-ja),noun,m ,Kartoffel,,6,Substantiv ,459,,
krompir-ja,noun,m/Sg ,Kartoffel,,10,Substantiv ,459,,
"krompir, -ja",noun,m ,Kartoffel,,11,"Substantiv, Sg ",459,,
kruh (-a),noun,m/Sg ,Brot,,13,Substantiv ,459,http://mrg.bz/TiFD6J,bread
krùh (krúha),noun,m ,Brot,,6,Substantiv/Sg ,459,,
"kruh, -a",noun,m ,Brot,,11,"Substantiv, Sg ",459,,
kuhinja (-e),noun,f ,Küche,,13,Substantiv ,459,http://mrg.bz/NvUzIm,kitchen
kúhinja (-e),noun,f ,Küche,,6,Substantiv ,459,,
kuhinja-e,noun,f ,Küche,,10,Substantiv ,459,,
kulísa (-e),noun,f ,Kulisse,,9,Substantiv ,459,,
kultura (-e),noun,-,Kultur,,12,"Substantiv, f ",459,,
"kulturni -a, -o",adj,-,Kultur-,,13,Adjektiv ,208,,
"kupíti, kúpi",verb,-,kaufen,,9,"Verb, impf ",145,,
kústosinja (-e),noun,f ,Kuratorin,,2,Substantiv ,459,,
"láčen -čna, -o",adj,-,hungrig,,5,Adjektiv ,208,,
ládja (-e),noun,f ,Schiff,,9,Substantiv ,459,http://mrg.bz/kxeURE,ship
ládjica (-e),noun,f ,Boot,,6,Substantiv/Diminutiv ,459,,
"láhek -hka, -o",adj,-,leicht,,2,Adjektiv ,208,,
lahko,mix,-,"können, kann",,10,Modalwort / Prädikativ ,32,,
lahkó,mix,-,können Sie/ kannst du?,,5,Modalausdruck ,32,,
láni,adj,-,voriges Jahr,,9,Adverb ,208,,
ledena kava,noun,f ,Eiskaffee,,5,Substantiv ,459,,
ledeni čaj,noun,m ,Eistee,,5,Substantiv ,459,,
lekarna (-e),noun,f ,Apotheke,,8,Substantiv ,459,,
lékcija (-e),noun,f ,Lektion,,1,Substantiv ,459,,
léktor (-ja),noun,m ,"Lektor, Sprachlehrer",,1,Substantiv ,459,,
"lép -a, -o",adj,-,schön,,3,Adjektiv ,208,,
lepo,adj,-,schön,,7,Adverb ,208,,
"lepši, -a, -e",adj,-,schöner,,14,Adjektiv ,208,,
leto (-a),noun,n ,Jahr,,13,Substantiv ,459,,
léto (-a),noun,n ,Jahr,,2,Substantiv ,459,,
létos,adj,-,in diesem Jahr,,9,Adverb ,208,,
léva (-e),noun,f ,linke Seite,,3,Substantiv ,459,,
"ležati, leži",verb,-,liegen,,14,"Verb, impf ",145,,
líla (unveränderlich),adj,-,lila,,3,Adjektiv ,208,,
limóna (-e),noun,f ,Zitrone,,1,Substantiv ,459,http://mrg.bz/cTqNat,lemon
limonada (-e),noun,f ,Limonade,,5,Substantiv ,459,,
limonáda (-e),noun,f ,Zitronenlimonade,,6,Substantiv ,459,,
lipov čaj,noun,m ,Lindenblütentee,,5,Substantiv ,459,,
"liter, litra",noun,m ,Liter,,11,Substantiv ,459,,
literatúra (-e),noun,f ,Literatur,,1,Substantiv ,459,,
Ljubljánica (-e),noun,f ,Fluß durch Ljubljana,0,6,Substantiv ,459,,
"ljubljánski -a, -o",adj,-,Ljubljanaer,,9,Adjektiv ,208,,
ljudje (ljudi),noun,m/Pl ,Leute (Pl. von Mensch),0,14,Substantiv ,459,,
"lubenica, -e",noun,f ,Wassermelone,,11,Substantiv ,459,,
"lúksuzen -zna, -o",adj,-,Luxus-,,9,Adjektiv ,208,,
magistrat (-a),noun,m ,Rathaus,,8,Substantiv ,459,,
máj (-a),noun,m ,Mai,,1,Substantiv ,459,,
"májhen -hna, -o",adj,-,klein,,3,Adjektiv ,208,,
málica (-e),noun,f ,Imbiss,,9,Substantiv ,459,,
malo pivo,noun,n ,kleines Bier,,5,Substantiv ,459,,
máma (-e),noun,f ,Mama,,1,Substantiv ,459,,
"mandarina, -e",noun,f ,Mandarine,,11,Substantiv ,459,,
"manjši, -a, -e",adj,-,kleiner,,14,Adjektiv ,208,,
"marelica, -e",noun,f ,Aprikose,,11,Substantiv ,459,,
marmeláda (-e),noun,f ,Marmelade,,6,Substantiv ,459,http://mrg.bz/779lXm,jam
máslo (-a),noun,n ,Butter,,6,Substantiv ,459,http://mrg.bz/UwiCyP,butter
"mati, matere",noun,-,Mutter,,12,"Substantiv, f ",459,,
meja (-e),noun,f ,Grenze,,14,Substantiv ,459,,
"mejni, -a, -o",adj,-,Grenz-,,14,Adjektiv ,208,,
"meriti, -i",verb,-,messen,,14,"Verb, impf ",145,,
mešana solata,noun,f ,Gemischter Salat,,5,Substantiv ,459,,
mesec (-a),noun,m ,Monat,,13,Substantiv ,459,,
"méstni -a, -o",adj,-,Stadt-,,3,Adjektiv ,208,,
mesto (-a),noun,n ,Stadt,,14,Substantiv ,459,http://mrg.bz/IOI7AI,city
mésto (-a),noun,n ,Stadt,,3,Substantiv ,459,,
meter (-tra),noun,m ,Meter,,14,Substantiv ,459,,
mineralna voda,noun,f ,Mineralwasser,,5,Substantiv ,459,,
"misliti, -i",verb,-,denken,,7,"Verb, impf ",145,,
míza (-e),noun,f ,Tisch,,3,Substantiv ,459,,
"mlad, -a, -o",adj,-,jung,,14,Adjektiv ,208,,
"mlád, -a, -o",adj,-,jung,,6,Adjektiv ,208,,
"mlajši, -a, -e",adj,-,jünger,,14,Adjektiv ,208,,
mleko (-a),noun,n ,Milch,,5,Substantiv ,459,,
"mleko, -a",noun,n ,Milch,,11,"Substantiv, Sg ",459,,
"močnejši, -a, -e",adj,-,stärker,,14,Adjektiv ,208,,
"móder -dra, -o",adj,-,blau,,3,Adjektiv ,208,,
"moder, -dra, -o",adj,-,blau,,14,Adjektiv ,208,,
"modêren -rna, -o",adj,-,modern,,3,Adjektiv ,208,,
moderna (-e),noun,-,Moderne,,12,"Substantiv, f ",459,,
"mogočen, -čna, -o",adj,-,gewaltig,,14,Adjektiv ,208,,
"mój , môja, môje",pron,-,mein,,2,Possessivpronomen ,28,,
"moj, -a, -e",pron,-,"mein, meine, mein",,12,Possesivpronomen ,28,,
"mój, môja , -e",pron,-,mein,,3,Possessivpronomen ,28,,
"monografíja, -e",noun,f ,Monographie,,16,Substantiv ,459,,
morje (-a),noun,n ,Meer,,14,Substantiv ,459,http://mrg.bz/GKdsEo,sea
"mornárski -a, -o",adj,-,Matrosen-,,9,Adjektiv ,208,,
most (-u),noun,m ,Brücke,,8,Substantiv ,459,,
móst (-ú),noun,m ,Brücke,,6,Substantiv ,459,,
mož (-a),noun,m ,Ehemann,,7,Substantiv ,459,,
"mŕzel -zla, -o",adj,-,kalt,,5,Adjektiv ,208,,
muzêj (-a),noun,m ,Museum,,1,Substantiv ,459,,
na,prep,-,-,,6,Präposition,18,,
nad,prep,-,-,,6,Präposition,18,,
nagráda-e,noun,f ,"Preis, Prämie",,16,Substantiv ,459,,
nájprej,adj,-,zuerst,,4,Adverb ,208,,
"nájti, nájde",verb,-,finden,,15,"Verb, pf ",145,,
"napisati, napiše",verb,-,schreiben,,13,"Verb, pf ",145,,
"napisati, napišem",verb,-,schreiben,,12,"Verb, pf ",145,,
"naredíti, -í",verb,-,"machen, tun",,15,"Verb, pf ",145,,
"národen -dna, -o",adj,-,national,,3,Adjektiv ,208,,
"naslednji -a, -e",adj,-,"der, die, das nächste",,13,Adjektiv ,208,,
naslov (-a),noun,-,Titel,,12,"Substantiv, m ",459,,
naslòv (-ôva),noun,m ,Adresse,,2,Substantiv ,459,,
nastòp (-a),noun,m ,Auftritt,,9,Substantiv ,459,,
nastópati -a,verb,-,auftreten,,9,"Verb, impf ",145,,
nasvídenje oder na svídenje,mix,-,Auf Wiedersehen!,,2,Interjektion ,32,,
natákar (-ja),noun,m ,Kellner,,2,Substantiv ,459,,
natákarica (-e),noun,f ,Kellnerin,,4,Substantiv ,459,,
nató,adj,-,"danach, anschließend",,15,Adverb ,208,,
"ne imeti, nima",verb,-,nicht haben,,10,"Verb, impf ",145,,
"ne imeti, níma",verb,-,nicht haben,,15,"Verb, impf ",145,,
"nék -a, -o",pron,-,"ein (gewisser), eine (gewisse), ein (gewisses)",0,9,Pronomen ,28,,
nekóč,adj,-,früher,,9,Adverb ,208,,
Némčija (-e),noun,f ,Deutschland,,2,Substantiv ,459,,
nemščina (-e),noun,f ,deutsche Sprache,,13,Substantiv ,459,,
"nervózen -zna, -o",adj,-,nervös,,1,Adjektiv ,208,,
neznanec (-nca),noun,m ,Unbekannte,,8,Substantiv ,459,,
"nič, ničesar",pron,-,nichts,,10,Indefinitpronomen ,28,,
nikóli,adj,-,nie,,9,Adverb ,208,,
"nizek, -a, -o",adj,-,niedrig,,14,Adjektiv ,208,,
"nižji, -a, -e",adj,-,niedriger,,14,Adjektiv ,208,,
"njegov, -a, -o",pron,-,"sein, seine, sein",,12,Possesivpronomen ,28,,
"njén -a, -o",pron,-,ihr,,2,Possessivpronomen ,28,,
"njen, -a, -o",pron,-,"ihr, ihre, ihre",,12,Possesivpronomen ,28,,
"njún -a, -o",pron,-,ihr (beider),,2,Possessivpronomen ,28,,
no,mix,-,na,,8,Interjektion ,32,,
nóč (-i),noun,f ,Nacht,,2,Substantiv ,459,,
"nòv, nôva, -o",adj,-,neu,,3,Adjektiv ,208,,
"nòv, nôva, nôvo",adj,-,neu,,1,Adjektiv ,208,,
novêmber (-bra),noun,m ,November,,1,Substantiv ,459,,
novínar (-ja),noun,m ,Journalist,,2,Substantiv ,459,,
o,prep,-,über,,13,"Präposition, Lok. ",18,,
ob,prep,-,neben,,8,Präposition + Lok ,18,,
obísk (-a),noun,m ,Besuch,,9,Substantiv ,459,,
obisk-a,noun,m ,Besuch,,10,Substantiv ,459,,
"obiskáti, obíšče",verb,-,besuchen,,9,"Verb, pf ",145,,
"obiskati, obišče (+Akk.)",verb,-,besuchen,,7,"Verb, pf ",145,,
oblak (-a),noun,m ,Wolke,,6,Substantiv ,459,,
"obléči se, obléče se",verb,-,sich anziehen,,4,"Verb, pf ",145,,
oblíka (-e),noun,f ,Form,,9,Substantiv ,459,,
"obljubiti, -i",verb,-,versprechen,,13,"Verb, pf ",145,,
"obségati, -a",verb,-,umfassen,,16,"Verb, impf ",145,,
oče (-eta),noun,m ,Vater,,7,Substantiv ,459,,
od,prep,-,von,,12,"Präposition, Gen. ",18,,
"odcedíti, -í",verb,-,abtropfen,,15,"Verb, impf ",145,,
odlíčno,adj,-,ausgezeichnet,,9,Adverb ,208,,
"odločíti se, odlóči se",verb,-,sich entscheiden,,16,"Verb, pf ",145,,
"odpraviti se, -i se",verb,-,sich auf den Weg machen,0,6,"Verb, pf ",145,,
odpreti-e,verb,-,öffnen,,10,"Verb, pf ",145,,
"odprt, -a, -o",adj,-,offen,,14,Adjektiv ,208,,
"odpŕt, -a, -o",adj,-,"offen, geöffnet",,3,Adjektiv ,208,,
"oglédati si, -a si",verb,-,sich anschauen,,9,"Verb, pf ",145,,
ôkno (-a),noun,n ,Fenster,,3,Substantiv ,459,,
okrog,adj,-,etwa,,14,Adverb ,208,,
október (-bra),noun,m ,Oktober,,1,Substantiv ,459,,
"okúsen -sna, -o",adj,-,lecker,,9,Adjektiv ,208,,
"olúpljen, -a, -o",adj,-,geschält,,15,Adjektiv ,208,,
omaka (-e),noun,f ,Soße,,6,Substantiv ,459,,
omára (-e),noun,f ,Schrank,,3,Substantiv ,459,,
omara-e,noun,f ,Schrank,,10,Substantiv ,459,,
ópera (-e),noun,f ,Oper,,1,Substantiv ,459,,
"opisováti, -úje",verb,-,beschreiben,,9,"Verb, impf ",145,,
"opráviti, -i",verb,-,"machen, erledigen",,9,"Verb, pf ",145,,
"oprostiti, -i",verb,-,"entschuldigen, verzeihen",,8,"Verb, pf ",145,,
"ópus, -a",noun,m ,Werk,,16,Substantiv ,459,,
organizácija (-e),noun,f ,Organisation,,1,Substantiv ,459,,
"organizirati, -a",verb,-,organisieren,,13,"Verb, impf/pf ",145,,
otrok (-a),noun,m ,Kind,,7,Substantiv ,459,,
pa,mix,-,denn,,13,Partikel ,32,,
palačinka (-e),noun,f ,Palatschinken,,5,Substantiv ,459,,
"pámeten, -tna, -o",adj,-,klug,,6,Adjektiv ,208,,
papír (-ja),noun,m ,Papier,,1,Substantiv ,459,,
"paprika, -e",noun,f ,Paprika,,11,Substantiv ,459,,
"paradižnik, -a",noun,m ,Tomate,,11,Substantiv ,459,,
park-a,noun,m ,Park,,9,Substantiv ,459,,
"parkirati, -a",verb,-,parken,,6,"Verb, pf / impf ",145,,
pečen krompir,noun,m ,Ofenkartoffel,,5,Substantiv ,459,,
"pečen, -a, -o",adj,-,"gebraten, Ofen-",,6,Adjektiv ,208,,
"peljati, pelje",verb,-,"bringen, führen",,9,"Verb, imp ",145,,
pesem (-smi),noun,-,Gedicht,,12,"Substantiv, f ",459,,
pesem-smi,noun,f ,"Gedicht, Lied",,9,Substantiv ,459,,
pésnik (-a),noun,m ,Dichter,,3,Substantiv ,459,,
"pesniški, -a, -o",adj,-,Gedicht-,,12,Adjektiv ,208,,
"peteršilj, -a",noun,m ,Petersilie,,11,"Substantiv, Sg ",459,,
pica (-e),noun,f ,Pizza,,5,Substantiv ,459,http://mrg.bz/q4Hb5J,"pizza,pizza1"
píca (-e),noun,f ,Pizza,,1,Substantiv ,459,,
pijača (-e),noun,f ,Getränk,,14,Substantiv ,459,,
pire (-ja),noun,m ,Püree,,5,Substantiv ,459,,
pisatelj (-a),noun,m ,Schriftsteller,,13,Substantiv ,459,,
"pisátelj, -a",noun,m ,Schriftsteller,,16,Substantiv ,459,,
"pisati, piše",verb,-,schreiben,,7,"Verb, impf ",145,,
"pisáti, píše",verb,-,schreiben,,4,"Verb, impf ",145,,
"pisati, pišem",verb,-,schreiben,,12,"Verb, impf ",145,,
pismo (-a),noun,-,Brief,,12,"Substantiv, n ",459,,
"piti, pije",verb,-,trinken,,6,"Verb, impf ",145,,
pivo (-a),noun,n ,Bier,,14,Substantiv ,459,,
"pláčati, -a",verb,-,zahlen,,5,"Verb, pf ",145,,
"plemiški, -a, -o",adj,-,adelig,,12,Adjektiv ,208,,
"plesáti, pléše",verb,-,tanzen,,4,"Verb, impf ",145,,
po,prep,-,-,,6,Präposition,18,,
"pobrskati, -a",verb,-,stöbern,,15,"Verb, pf ",145,,
"počakati, -a",verb,-,warten,,6,"Verb, pf ",145,,
pocéni (unveränderlich),adj,-,"billig, preiswert",,3,Adjektiv ,208,,
počitnice (-ø),noun,f ,Ferien,,8,"Substantiv, pl ",459,,
"počítnice, (-Ø)",noun,-,Ferien,,15,"Substantiv, f, PL ",459,,
pod,prep,-,-,,6,Präposition,18,,
"podelíti, -í",verb,-,verleihen,,16,"Verb, pf ",145,,
"podzemski, -a, -o",adj,-,unterirdisch,,14,Adjektiv ,208,,
poezija (-e),noun,-,Dichtung,,12,"Substantiv, f ",459,,
"poglávje, -a",noun,n ,Kapitel,,16,Substantiv ,459,,
"poglédati, -m",verb,-,anschauen,,15,"Verb, pf ",145,,
pogósto,adj,-,oft,,16,Adverb ,208,,
"pogovárjati se, -a se",verb,-,sich unterhalten,,4,"Verb, impf ",145,,
"pohvaliti se, -i se",verb,-,sich rühmen,,14,"Verb, pf ",145,,
"pokazati, pokaže",verb,-,zeigen,,9,"Verb, pf ",145,,
poklíc (-a),noun,m ,Beruf,,2,Substantiv ,459,,
"poklicati, -kliče",verb,-,anrufen,,7,"Verb, pf ",145,,
"poklicati, pokliče",verb,-,rufen,,6,"Verb, pf ",145,,
"poklícati, poklíče",verb,-,anrufen,,15,"Verb, pf ",145,,
pokrajinsko,adj,-,landschaftlich,,14,Adverb ,208,,
póleg,prep,-,neben,,16,"Präposition, Gen ",18,,
"polétje, (-a)",noun,-,Sommer,,15,"Substantiv, n ",459,,
políca (-e),noun,f ,Regal,,3,Substantiv ,459,,
polica-e,noun,f ,Regal,,10,Substantiv ,459,,
"polnopraven, -vna, -o",adj,-,vollberechtigt,,14,Adjektiv ,208,,
"pomaranča, -e",noun,f ,Orange,,11,Substantiv ,459,,
pomarančni sok,noun,m ,Orangensaft,,5,Substantiv ,459,,
pomfri (-ja),noun,m ,Pommes,,5,Substantiv ,459,,
ponavadi,adj,-,gewöhnlich,,6,Adverb ,208,,
ponedeljek (-ljka),noun,m ,Montag,,6,Substantiv ,459,,
"ponosen, -a, -o",adj,-,stolz,,14,Adjektiv ,208,,
"ponudíti, ponúdi",verb,-,anbieten,,16,"Verb, pf ",145,,
"ponújati, -a",verb,-,anbieten,,15,"Verb, impf ",145,,
"popeljáti, popélje",verb,-,"führen, geleiten",,2,"Verb, pf ",145,,
popôldne,adj,-,nachmittags,,4,Adverb ,208,,
posébej,adj,-,besonders,,15,Adverb ,208,,
"poslušati, -a",verb,-,hören,,6,"Verb, impf ",145,,
"posolíti, -í",verb,-,salzen,,15,"Verb, pf ",145,,
"posredovánje, -a",noun,n ,Vermittlung,,16,Substantiv ,459,,
postaja (-e),noun,f ,Haltestelle,,7,Substantiv ,459,,
"postati, postane",verb,-,werden,,9,"Verb, pf ",145,,
"postaviti (se), -i (se)",verb,-,(sich) stellen,,6,"Verb, pf ",145,,
postelja (-e),noun,f ,Bett,,13,Substantiv ,459,,
"posvéčati se, -a se",verb,-,sich widmen,,16,"Verb, impf ",145,,
pot (-i),noun,f ,Weg,,13,Substantiv ,459,http://mrg.bz/cLZTEm,way
potem,adj,-,dann,,4,Adverb ,208,,
potepanje-a,noun,n ,Bummel,,9,Substantiv ,459,,
potica (-e),noun,f ,"Hefestrudel mit verschiedenen Füllungen, z.B. Walnuss, Estragon, Mohn",,5,Substantiv ,459,,
"potniški-a, -o",adj,-,Passagier-,,9,Adjektiv ,208,,
potovanje (-a),noun,n ,Reise,,13,Substantiv ,459,,
"potrebováti, potrebúje",verb,-,"benötigen, brauchen",,15,"Verb, impf ",145,,
"povabiti, -i",verb,-,einladen,,7,"Verb, pf ",145,,
"povabiti, povabi",verb,-,einladen,,9,"Verb, pf ",145,,
"povedati, pove",verb,-,sagen,,13,"Verb, pf ",145,,
"povzročíti, povzročí",verb,-,verursachen,,16,"Verb, pf ",145,,
"pozabiti, -i",verb,-,vergessen,,7,"Verb, pf ",145,,
pozdràv (-a),noun,m ,"Gruß, Begrüßung",,2,Substantiv ,459,,
"pozdrávljati, -a",verb,-,"grüßen, begrüßen",,2,"Verb, impf ",145,,
pozimi,adj,-,im Winter,,6,Adverb ,208,,
"poznati, -a",verb,-,kennen,,12,"Verb, impf ",145,,
"poznati, -zna",verb,-,kennen,,7,"Verb, impf ",145,,
pozneje,adj,-,später,,12,Adverb ,208,,
pragozd (-a),noun,m ,Urwald,,14,Substantiv ,459,,
prav,adj,-,in Ordnung,,10,Adverb ,208,,
pràv,adj,-,in Ordnung,,5,Adverb ,208,,
pravi čaj,noun,m ,schwarzer Tee,,5,Substantiv ,459,,
"pravi, -a, -o",adj,-,echt,,14,Adjektiv ,208,,
"právi, -a, -o",adj,-,"richtig, echt",,15,Adjektiv ,208,,
"praviti, -i",verb,-,sagen,,7,"Verb, impf / pf ",145,,
právnik (-a),noun,m ,Jurist,,2,Substantiv ,459,,
"prázen -zna, -o",adj,-,leer,,3,Adjektiv ,208,,
praznik (-a),noun,-,Feiertag,,12,"Substantiv, m ",459,,
prebivalec (-lca),noun,m ,Einwohner,,14,Substantiv ,459,,
prebivalka (-e),noun,f ,Einwohnerin,,14,Substantiv ,459,,
pred,prep,-,-,,6,Präposition,18,,
predal (-a),noun,m ,Schublade,,8,Substantiv ,459,,
predavanje-a,noun,n ,Vorlesung,,9,Substantiv ,459,http://mrg.bz/GMf4vb,lecture
"predávanje, (-a)",noun,-,Vorlesung,,15,"Substantiv, n ",459,,
"predstavljati si, -a si",verb,-,sich vorstellen,,12,"Verb, impf ",145,,
predstavnik (-a),noun,-,Vertreter,,12,"Substantiv, m ",459,,
prehod (-a),noun,m ,Übergang,,14,Substantiv ,459,,
"prepevati, -a",verb,-,singen,,9,"Verb, imp ",145,,
prevajanje-a,noun,n ,Übersetzungsarbeit,,9,Substantiv ,459,,
"prevajati, -a",verb,-,übersetzen,,12,"Verb, impf ",145,,
Prévalje (ø),noun,Pl. f ,Ort in Slowenien,,2,Substantiv ,459,,
prevèč,adj,-,allzu viel,,2,Adverb ,208,,
"prevesti, prevede",verb,-,übersetzen,,12,"Verb, pf ",145,,
prevod (-a),noun,-,Übersetzung,,12,"Substantiv, m ",459,,
"preživeti, -i",verb,-,verbringen,,9,"Verb, pf ",145,,
pri,prep,-,bei,,9,Präposition + Lok ,18,,
približno,adj,-,ungefähr,,14,Adverb ,208,,
priímek (-mka),noun,m ,Nachname,,2,Substantiv ,459,,
prijatelj (-a),noun,m ,Freund,,6,Substantiv ,459,,
prijateljica (-e),noun,f ,Freundin,,6,Substantiv ,459,,
"prikazan-a, -o",mix,-,dargestellt,,9,Partizip ,32,,
"pripraviti, -i",verb,-,"zubereiten, vorbereiten",,6,"Verb, pf ",145,,
"pripráviti, -i",verb,-,zubereiten,,15,"Verb, pf ",145,,
pristanišče-a,noun,n ,Hafen,,9,Substantiv ,459,,
"priti, pride",verb,-,kommen,,7,"Verb, pf ",145,,
"príti, príde",verb,-,"kommen, gehen",,2,"Verb, pf ",145,,
problem (-a),noun,m ,Problem,,13,Substantiv ,459,,
"prodajalka, -e",noun,f ,Verkäuferin,,11,Substantiv ,459,,
profesor (-ja),noun,m ,Professor,,13,Substantiv ,459,,
profésor (-ja),noun,m ,Professor,,1,Substantiv ,459,,
"prometen, -tna, -o",adj,-,verkehrsreich,,14,Adjektiv ,208,,
"prometnejši, -a, -e",adj,-,verkehrsreicher,,14,Adjektiv ,208,,
"prosíti, prósi",verb,-,bitten,,5,"Verb, impf ",145,,
"prost-a,-o",adj,-,frei,,9,Adjektiv ,208,,
prostor (-a),noun,m ,Platz,,6,Substantiv ,459,,
"prostóren -rna, -o",adj,-,geräumig,,3,Adjektiv ,208,,
proza (-e),noun,-,Prosa,,12,"Substantiv, f ",459,,
pršut (-a),noun,m ,Parmaschinken,,5,Substantiv ,459,,
pulover (-ja),noun,m ,Pullover,,8,Substantiv ,459,http://mrg.bz/hxVY5v,sweater
punca-e,noun,f ,"Mädchen, Mädel - umgangssprachlich",0,10,Substantiv ,459,,
"puranji -a, -e",adj,-,Truthahn,,10,Adjektiv ,208,,
pѓvič,adj,-,das erste Mal,,2,Adverb ,208,,
"rad -a, -o",adj,-,gern,,4,Adverb ,208,,
"rad, -a, -o",adj,-,gern,,14,Adverb ,208,,
radenska (-e),noun,f ,"Mineralwassermarke, auch Synonym für Mineralwasser",0,5,Substantiv ,459,,
rádio (-a),noun,m ,Radio,,1,Substantiv ,459,,
ravnina (-e),noun,f ,Ebene,,14,Substantiv ,459,,
ravno,adj,-,gerade,,6,Adverb ,208,,
"raznolik, -a, -o",adj,-,vielfältig,,14,Adjektiv ,208,,
razstava-e,noun,f ,Ausstellung,,9,Substantiv ,459,,
"rdeč, -a, -e",adj,-,rot,,14,Adjektiv ,208,,
"rdèč, rdéča, -e",adj,-,rot,,3,Adjektiv ,208,,
rdeče vino,noun,n ,Rotwein,,5,Substantiv ,459,,
recept-a,noun,m ,Rezept,,10,Substantiv ,459,,
réd (-a),noun,m ,Ordnung,,2,Substantiv ,459,,
réka (-e),noun,f ,Fluss,,3,Substantiv ,459,,
rep-a,noun,m ,Schwanz,,9,Substantiv ,459,,
repúblika (-e),noun,f ,Republik,,1,Substantiv ,459,,
res,adj,-,echt,,9,Adverb ,208,,
restavrácija (-e),noun,f ,Restaurant,,3,Substantiv ,459,,
"ribji-a, -e",adj,-,Fisch-,,9,Adjektiv ,208,,
ričet (-a),noun,m ,Gerstengraupensuppe,,5,Substantiv ,459,,
riž-a,noun,m/Sg ,Reis,,10,Substantiv ,459,,
rižota (-e),noun,f ,Risotto,,5,Substantiv ,459,,
"rjàv, rjáva, -o",adj,-,braun,,3,Adjektiv ,208,,
"roditi se, -i se",verb,-,geboren werden,,12,"Verb, impf/pf ",145,,
"rojstni, -a,-o",adj,-,Geburts-,,7,Adjektiv ,208,,
róža (-e),noun,f ,Blume,,3,Substantiv ,459,,
róza (unveränderlich),adj,-,rosa,,3,Adjektiv ,208,,
rum (-a),noun,m ,Rum,,5,Substantiv ,459,,
"rumèn, rumêna, -o",adj,-,gelb,,3,Adjektiv ,208,,
Rús (-a),noun,m ,Russe,,1,Substantiv ,459,,
"sadje, -a",noun,n ,Obst,,11,"Substantiv, Sg ",459,,
sadni čaj,noun,m ,Früchtetee,,5,Substantiv ,459,,
saj,mix,-,denn,,9,Konjunktion ,32,,
"sam, -a, -o",pron,-,"er, sie, es selbst",,6,Pronomen ,28,,
samo,adj,-,nur,,10,Adverb ,208,,
samó,adj,-,nur,,3,Adverb ,208,,
šampón (-a),noun,m ,Shampoo,,1,Substantiv ,459,,
še,adj,-,noch,,6,Adverb ,208,,
še (še danes),mix,-,noch (noch heute),,15,Partikel ,32,,
sendvič (-a),noun,m ,Sandwich,,5,Substantiv ,459,,
séndvič (-a),noun,m ,Sandwich,,1,Substantiv ,459,,
septêmber (-bra),noun,m ,September,,1,Substantiv ,459,,
sestrična-e,noun,f ,Cousine,,9,Substantiv ,459,,
seveda,adj,-,natürlich,,13,Adverb ,208,,
sevéda,adj,-,natürlich,,5,Adverb ,208,,
sever (-a),noun,m ,Norden,,8,Substantiv ,459,,
"severni, -a, -o",adj,-,Nord-,,14,Adjektiv ,208,,
severovzhod (-a),noun,m ,Nordosten,,14,Substantiv ,459,,
severozahod (-a),noun,m ,Nordwesten,,14,Substantiv ,459,,
sicer,mix,-,ansonsten,,14,Konjunktion ,32,,
sín (-a),noun,m ,Sohn,,2,Substantiv ,459,,
sin (-a) (Pl. sinovi),noun,m ,Sohn,,7,Substantiv ,459,,
sirov zavitek,noun,m ,Topfenstrudel,,5,Substantiv ,459,,
"sív -a, -o",adj,-,grau,,3,Adjektiv ,208,,
skladišče-a,noun,n ,Lager,,9,Substantiv ,459,,
škoda,mix,-,schade,,11,Interjektion ,32,,
škoda-e,noun,f ,Schade,,10,Substantiv ,459,,
skuhati -am,verb,-,(fertig) kochen,,10,"Verb, pf ",145,,
"skúhati, -a",verb,-,kochen,,15,"Verb, pf ",145,,
skupaj,adj,-,zusammen,,6,Adverb ,208,,
skúpaj,adj,-,"zusammen, gemeinsam",,15,Adverb ,208,,
"slab -a, -o",adj,-,schlecht,,13,Adjektiv ,208,,
slabo,adj,-,schlecht,,7,Adverb ,208,,
slabó,adj,-,schlecht,,2,Adverb ,208,,
sladice,noun,f ,Nachspeisen,,5,"Substantiv, pl ",459,,
sladoled (-a),noun,m ,Eiscreme,,5,Substantiv ,459,,
slavistika (-e),noun,f ,Slawistik,,6,Substantiv ,459,,
slika-e,noun,f ,Bild,,9,Substantiv ,459,,
"slikati, -a",verb,-,malen,,4,"Verb, impf ",145,,
"sliva, -e",noun,f ,Pflaume,,11,Substantiv ,459,,
Slovénija (-e),noun,f ,Slowenien,,1,Substantiv ,459,,
slovenščina (-e),noun,-,slowenische Sprache,,12,"Substantiv, f ",459,,
"slovenski -a, -o",adj,-,slowenisch,,13,Adjektiv ,208,,
"slovénski -a, -o",adj,-,slowenisch,,1,Adjektiv ,208,,
"slovenski, -a, -o",adj,-,slowenisch,,12,Adjektiv ,208,,
"slovensko-hrvaški, -a, -o",adj,-,slowenisch-kroatisch,,14,Adjektiv ,208,,
smetana-e,noun,f/Sg ,Sahne,,10,Substantiv ,459,,
"smučati, -a",verb,-,Ski fahren,,4,"Verb, impf ",145,,
sôba (-e),noun,f ,Zimmer,,3,Substantiv ,459,,
soba-e,noun,f ,Zimmer,,10,Substantiv ,459,,
sok (-a),noun,m ,Saft,,5,Substantiv ,459,,
sók (-a),noun,m ,Saft,,5,Substantiv ,459,,
šólar (-ja),noun,m ,Schüler,,2,Substantiv ,459,,
solata (-e),noun,f ,Salat,,5,Substantiv ,459,,
"solata, -e",noun,f ,Salat,,11,Substantiv ,459,,
sónce (-a),noun,n ,Sonne,,2,Substantiv ,459,http://mrg.bz/Tv8cv1,sun
sôsed (-a),noun,m ,Nachbar,,2,Substantiv ,459,,
sosed-eda,noun,m ,Nachbar,,9,Substantiv ,459,,
"sosednji, -a, -e",adj,-,Nachbar-,,14,Adjektiv ,208,,
sošólec (-lca),noun,m ,Mitschüler,,2,Substantiv ,459,,
špaget (-a),noun,m ,Spaghetti,0,13,Substantiv ,459,,
špageti,noun,m ,Spaghetti,,5,"Substantiv, pl ",459,http://mrg.bz/wC1P4O,pasta
"speči, speče",verb,-,(fertig) backen,,10,"Verb, pf ",145,,
"špinača, -e",noun,f ,Spinat,,11,"Substantiv, Sg ",459,,
spodaj,adj,-,unten,,8,Adverb ,208,,
spomenik (-a),noun,m ,Denkmal,,8,Substantiv ,459,,
"spomniti se, -i se",verb,-,sich erinnern,,12,"Verb, pf ",145,,
"spomniti, -i (na+Akk)",verb,-,erinnern an,,7,"Verb, pf ",145,,
špórt (-a),noun,m ,Sport,,1,Substantiv ,459,,
"spoštován -a, -o",adj,-,geehrt,,2,Adjektiv ,208,,
spotoma,adj,-,unterwegs,,6,Adverb ,208,,
"spraševati, -šuje",verb,-,fragen,,7,"Verb, impf ",145,,
sprehod-oda,noun,m ,Spaziergang,,9,Substantiv ,459,,
spretno,adj,-,geschickt,,6,Adverb ,208,,
"sréčati, -a",verb,-,treffen,,2,"Verb, pf ",145,,
središče (-a),noun,n ,Zentrum,,14,Substantiv ,459,,
stanovánje (-a),noun,n ,Wohnung,,3,Substantiv ,459,,
stanovati-uje,verb,-,wohnen,,9,"Verb, imp ",145,,
"stàr , stára, stáro",adj,-,alt,,2,Adjektiv ,208,,
"star, -a, -o",adj,-,alt,,14,Adjektiv ,208,,
"stàr, stára, -o",adj,-,alt,,3,Adjektiv ,208,,
"starejši, -a, -e",adj,-,älter,,14,Adjektiv ,208,,
stárost (-i),noun,f ,Alter,,2,Substantiv ,459,,
starši (-ev),noun,"m, Pl. ",Eltern,,7,Substantiv ,459,,
starši-šev,noun,m/Pl ,Eltern,,10,Substantiv ,459,,
"stati,stoji",verb,-,stehen,,9,"Verb, imp ",145,,
stávba (-e),noun,f ,Gebäude,,3,Substantiv ,459,,
števílka (-e),noun,f ,Nummer,,2,Substantiv ,459,,
"štirje, štiri",mix,-,vier,,10,Numerale ,32,,
stol (-a),noun,m ,Stuhl,,8,Substantiv ,459,http://mrg.bz/LAVMLr,chair
stòl (-a),noun,m ,Stuhl,,3,Substantiv ,459,,
stran (-i),noun,f ,Seite,,8,Substantiv ,459,,
stríc (-a),noun,m ,Onkel,,2,Substantiv ,459,,
štrukelj (-klja),noun,m ,Teigrolle mit süßer oder herzhafter Füllung,0,5,Substantiv ,459,,
študènt (-a),noun,m ,Student,,1,Substantiv ,459,,
"študirati, -a",verb,-,studieren,,4,"Verb, impf ",145,,
"stuširati se, -a se",verb,-,duschen,,4,"Verb, pf ",145,,
stvar (-i),noun,f ,Sache,,8,Substantiv ,459,,
súper,adj,-,super,,2,Adverb ,208,,
svetlo pivo,noun,n ,helles Bier,,5,Substantiv ,459,http://mrg.bz/uyFUbJ,lightbeer
Sveto pismo (-ega -a),noun,-,Heilige Schrift,,12,"Substantiv, n ",459,,
"svež, -a, -e",adj,-,frisch,,6,Adjektiv ,208,,
"ta, ta, to",pron,-,"dieser, diese, dieses",,13,"Demonstrativpronomen, m/f/n ",28,,
"tá, tá, tó",pron,-,das,,3,Demonstrativpronomen ,28,,
takó,adj,-,so,,2,Adverb ,208,,
takój,adj,-,sofort,,5,Adverb ,208,,
takole,adj,-,so,,11,Adverb ,208,,
tam,adj,-,dort,,13,Adverb ,208,,
tàm,adj,-,dort,,3,Adverb ,208,,
"tánek -nka, -o",adj,-,dünn,,3,Adjektiv ,208,,
teden-dna,noun,m ,Woche,,9,Substantiv ,459,,
telefón (-a),noun,m ,Telefon,,1,Substantiv ,459,http://mrg.bz/kFA3wa,"telephone,telephone1"
"telefonírati, -a + Dativ",verb,-,anrufen,,2,"Verb, pf / impf ",145,,
"telefónski -a, -o",adj,-,Telefon-,,2,Adjektiv ,208,,
televizija (-e),noun,f ,Fernsehen,,6,Substantiv ,459,,
"telovaditi, -i",verb,-,turnen,,4,"Verb, impf ",145,,
temno pivo,noun,n ,dunkles Bier,,5,Substantiv ,459,http://mrg.bz/oVLrp8,darkbeer
tést (-a),noun,m ,Test,,1,Substantiv ,459,,
teta-e,noun,f ,Tante,,10,Substantiv ,459,,
"tisti, -a, -o",pron,-,"dieser, diese, dieses",,8,Demonstrativpronomen ,28,,
tja,adj,-,dorthin,,9,Adverb ,208,,
točeno pivo,noun,n ,gezapftes Bier,,5,Substantiv ,459,,
toliko,adj,-,so viel,,14,Adverb ,208,,
topli napitki,noun,m ,Heisse Getränke,,5,Substantiv /pl ,459,,
torba-e,noun,f ,Tasche,,9,Substantiv ,459,,
torta (-e),noun,f ,Torte,,5,Substantiv ,459,,
tŕg (-a),noun,m ,"Platz, Markt",,3,Substantiv ,459,,
trgovína (-e),noun,f ,Geschäft,,8,Substantiv ,459,,
trgovina-e,noun,f ,Geschäft,,9,Substantiv ,459,,
"tržnica, -e",noun,f ,Markt,,11,Substantiv ,459,,
tudi,mix,-,auch,,4,Konjunktion ,32,,
"tuj, -a, -e",adj,-,fremd,,14,Adjektiv ,208,,
tukaj,adj,-,hier,,10,Adverb ,208,,
túkaj,adj,-,hier,,2,Adverb ,208,,
turíst (-a),noun,m ,Turist,,1,Substantiv ,459,,
"turístičen, -a, -o",adj,-,touristisch,,15,Adjektiv ,208,,
"turistični, -a, -o",adj,-,Tourist-,,6,Adjektiv ,208,,
"tvój, tvôja, -e",pron,-,dein,,3,Possessivpronomen ,28,,
učíteljica (-e),noun,f ,Lehrerin,,2,Substantiv ,459,,
učiti-i,verb,-,unterrichten,,9,"Verb, imp ",145,,
úlica (-e),noun,f ,Straße,,8,Substantiv ,459,,
umétnik (-a),noun,m ,Künstler,,2,Substantiv ,459,,
"umreti, -e",verb,-,sterben,,12,"Verb, pf ",145,,
unija (-e),noun,f ,Union,,14,Substantiv ,459,,
uníja (-e),noun,f ,Union,,1,Substantiv ,459,,
univêrza (-e),noun,f ,Universität,,1,Substantiv ,459,,
"upati, -a",verb,-,hoffen,,13,"Verb, impf ",145,,
uporabiti-i,verb,-,verwenden,,9,"Verb, pf ",145,,
uporabljati-a,verb,-,verwenden,,9,"Verb, imp ",145,,
ura (-e),noun,f ,Stunde,,6,Substantiv ,459,,
úra (-e),noun,f ,"Uhr, Stunde",,1,Substantiv ,459,,
urnik-a,noun,m ,Stundenplan,,9,Substantiv ,459,,
"uspešen, -šna, -o",adj,-,erfolgreich,,14,Adjektiv ,208,,
"uspešnejši, -a, -e",adj,-,erfolgreicher,,14,Adjektiv ,208,,
"utrújen, -a, -o",adj,-,müde,,6,Adjektiv ,208,,
v,prep,-,in,,13,"Präposition, Akk. ",18,,
vabilo (-a),noun,n ,Einladung,,7,Substantiv ,459,,
vaza (-e),noun,f ,Vase,,7,Substantiv ,459,,
včasih,adj,-,manchmal,,6,Adverb ,208,,
več,adj,-,mehr,,11,Adverb ,208,,
večér (-a),noun,m ,Abend,,2,Substantiv ,459,,
večerja (-e),noun,f ,Abendessen,,6,Substantiv ,459,,
večerja-e,noun,f ,Abendessen,,10,Substantiv ,459,,
"večji, -a, -e",adj,-,größer,,14,Adjektiv ,208,,
večkrat,adj,-,öfter,,9,Adverb ,208,,
"vedeti, ve",verb,-,wissen,,14,Verb/impf ,145,,
vedno,adj,-,immer,,10,Adverb ,208,,
vegetarijánec (-nca),noun,m ,Vegetarier,,1,Substantiv ,459,,
"velik, -a, -o",adj,-,groß,,14,Adjektiv ,208,,
"vêlik, velíka, -o",adj,-,groß,,3,Adjektiv ,208,,
veliko,adj,-,viel,,12,Adverb ,208,,
veliko pivo,noun,n ,großes Bier,,5,Substantiv ,459,,
vendar,mix,-,aber,,6,Konjunktion ,32,,
"vesel, -a,-o",adj,-,froh,,7,Adjektiv ,208,,
"veseliti se, -i se",verb,-,sich freuen,,13,"Verb, impf ",145,,
"veseliti se, veselí se",verb,-,sich freuen,,10,"Verb, imp ",145,,
veselje-a,noun,n ,Freude,,9,Substantiv ,459,,
"vídeti, -i",verb,-,sehen,,8,"Verb, impf / pf ",145,,
"videti, vidi",verb,-,sehen,,9,"Verb, imp und pf ",145,,
"vídeti, vídi",verb,-,sehen,,2,"Verb, pf / impf ",145,,
vino (-a),noun,n ,Wein,,5,Substantiv ,459,http://mrg.bz/DAmoAa,"wine,wine1"
víno (-a),noun,n ,Wein,,1,Substantiv ,459,,
"visok, -a, -o",adj,-,hoch,,14,Adjektiv ,208,,
vitamin (-a),noun,m ,Vitamin,,6,Substantiv ,459,,
víza (-e),noun,f ,Visa,,1,Substantiv ,459,,
vôda (-e),noun,f ,Wasser,,5,Substantiv ,459,,
vrata-ø,noun,n/Pl ,Tür,,10,Substantiv ,459,,
vreme (-mena),noun,n ,Wetter,,13,Substantiv ,459,,
"vrniti se, vrne se",verb,-,zurückkehren,,6,"Verb, pf ",145,,
vroča čokolada (-e/-e),noun,f ,Heiße Schokolade (sehr dickflüssig),,5,Substantiv ,459,,
vrtnica (-e),noun,f ,Rose,,7,Substantiv ,459,,
"vsak -a, -o",adj,-,jeder,,4,Adjektiv ,208,,
vsè,adj,-,alles,,5,Adverb ,208,,
vsi,pron,-,alle,,7,Pronom ,28,,
"vsi, vse, vsa",pron,-,alle,,14,Pronomen / Pl ,28,,
"vsi, vseh / vse, vseh",pron,-,alle,,12,Pronomen ,28,,
"vstati, vstane",verb,-,"aufstehen, sich erheben",,4,"Verb, pf ",145,,
"vzéti, vzáme, vzemi!",verb,-,nehmen,,15,"Verb, pf ",145,,
vzhòd (-óda),noun,m ,Osten,,8,Substantiv ,459,,
z,prep,-,aus,,2,Präposition (+Gen) ,18,,
z ali brez,mix,-,mit oder ohne (Sahne),,5,Redewendung ,32,,
za,prep,-,-,,6,Präposition,18,,
zabava (-e),noun,f ,"Fest, Party",,7,Substantiv ,459,,
"zabavati se, -a se",verb,-,"sich unterhalten, sich vergnügen",,4,"Verb, impf ",145,,
začetek (-tka),noun,-,Anfang,,12,"Substantiv, m ",459,,
"začéti, -čnè",verb,-,"anfangen, beginnen",,8,"Verb, pf ",145,,
"začeti, začne",verb,-,anfangen,,6,"Verb, pf ",145,,
zádaj,adj,-,hinten,,3,Adverb ,208,,
zahajati-a,verb,-,hingehen,,9,"Verb, imp ",145,,
zahòd (-óda),noun,m ,Westen,,8,Substantiv ,459,,
"zahteven-vna, -o",adj,-,anspruchsvoll,,9,Adjektiv ,208,,
"zahvaliti se, -i se",verb,-,danken,,7,"Verb, pf ",145,,
zajtrk (-a),noun,m ,Frühstück,,4,Substantiv ,459,,
"zajtrkovati, zajtrkuje",verb,-,frühstücken,,4,"Verb, impf ",145,,
zakaj,adj,-,warum,,13,Adverb ,208,,
žal,adj,-,leider,,11,Adverb ,208,,
žàl,adj,-,leider,,5,Adverb ,208,,
"zanimiv-a, -o",adj,-,interessant,,9,Adjektiv ,208,,
"zanimiv, -a, -o",adj,-,interessant,,14,Adjektiv ,208,,
"zanimivejši, -a, -e",adj,-,interessanter,,14,Adjektiv ,208,,
zanimivo,adj,-,interessant,,13,Adverb ,208,,
zanimívo,adj,-,interessant,,15,Adverb ,208,,
"zapeljati, zapelje",verb,-,fahren,,6,"Verb, pf ",145,,
"zapolnjen-a, -o",adj,-,voll,,9,Adjektiv ,208,,
"zapréti, -è",verb,-,zumachen,,5,"Verb, pf ",145,,
žargón (-a),noun,m ,Jargon,,1,Substantiv ,459,,
"zaspan, -a, -o",adj,-,schläfrig,,6,Adjektiv ,208,,
zavitek (-tka),noun,m ,Strudel,,5,Substantiv ,459,,
zbirka (-e),noun,-,Sammlung,,12,"Substantiv, f ",459,,
zdaj,adj,-,jetzt,,9,Adverb ,208,,
"zdrav, -a, -o",adj,-,gesund,,6,Adjektiv ,208,,
zdrávo,mix,-,Hallo,,2,Interjektion ,32,,
že,adj,-,schon,,13,Adverb ,208,,
zébra (-e),noun,f ,Zebra,,1,Substantiv ,459,http://mrg.bz/1vT9RP,"zebra,zebra1"
"zelèn, zelêna, -o",adj,-,grün,,3,Adjektiv ,208,,
zelena solata,noun,f ,grüner Salat,,5,Substantiv ,459,,
zeleni čaj,noun,m ,grüner Tee,,5,Substantiv ,459,,
"zelenjaven-vna, -o",adj,-,Gemüse-,0,10,Adjektiv ,208,,
zelenjavna juha,noun,f ,Gemüsesuppe,,5,Substantiv ,459,,
"želeti, -i",verb,-,wünschen,,11,"Verb, imp ",145,,
"želézniška postája (-e, -e)",adj,-,Bahn-Bahnhof,,8,Adjektiv ,208,,
"zelje, -a",noun,n ,Kohl,,11,"Substantiv, Sg ",459,,
"zélje, (-a)",noun,-,"Kohl, Sauerkraut",,15,"Substantiv, m ",459,,
zelo,adj,-,sehr,,9,Adverb ,208,,
zeló,adj,-,sehr,,2,Adverb ,208,,
žena (-e),noun,f ,Ehefrau,,7,Substantiv ,459,,
žganci,noun,m ,Getreidebrei,,5,"Substantiv, pl ",459,,
zgodaj,adj,-,früh,,13,Adverb ,208,,
zgodba-e,noun,f ,Geschichte,,9,Substantiv ,459,,
"zgodovinski-a, -o",adj,-,Geschichts-,,9,Adjektiv ,208,,
zgôraj,adj,-,oben,,3,Adverb ,208,,
Zimbabve (-ja),noun,m ,Simbabwe,,1,Substantiv ,459,,
živeti-i,verb,-,leben,,9,"Verb, imp ",145,,
"živeti, živi",verb,-,leben,,12,"Verb, impf ",145,,
"živéti, živí",verb,-,leben,,2,"Verb, impf ",145,,
žívjo oder žívijo,mix,-,Hallo,,2,Interjektion ,32,,
življenje (-a),noun,-,Leben,,12,"Substantiv, n ",459,,
zjutraj,adj,-,"morgens, am Morgen",,4,Adverb ,208,,
Zlatorog pivo,noun,n ,in Slowenien produzierte Biermarken,0,5,Substantiv (Eigennamen) ,459,,
"zméšati, -a",verb,-,zusammenmischen,,15,"Verb, pf ",145,,
znamenitost-i,noun,f ,Sehenswürdigkeit,,9,Substantiv ,459,,
"znan -a, -o",adj,-,bekannt,,13,Adjektiv ,208,,
"znati, -a",verb,-,können,,12,"Verb, impf ",145,,
"znati, zna",verb,-,können,,4,"Verb, impf ",145,,
zófa (-e),noun,f ,Sofa,,1,Substantiv ,459,http://mrg.bz/CaA89c,couch
zraven,prep,-,"daneben, mit-",,13,"Präposition, Gen. ",18,,
zrezek (-zka),noun,m ,Schnitzel,,13,Substantiv ,459,,
zrézek (-zka),noun,m ,Schnitzel,,6,Substantiv ,459,,
zrezek-zka,noun,m ,Schnitzel,,10,Substantiv ,459,,
zvečer,adj,-,"abends, am Abend",,4,Adverb ,208,,
zvečér,adj,-,"am Abend, abends",,15,Adverb ,208,,
"zvédeti, zvé",verb,-,erfahren,,6,"Verb, pf ",145,,
zvoniti-i,verb,-,klingeln,,10,"Verb, impf ",145,,
